id;name;disambiguatingDescription;description;longitude;latitude;streetAddress;postalCode;addressLocality;telephone;email;url;image;dateModified00fe3962-9dfd-4bc7-acf4-20d33d7c0b85;Genossenschaft Stadtufer;In Lichtensteig an der Thur befindet sich die Genossenschaft Stadtufer. Die aktuell rund 180 Mitglieder nutzen rund 8‘000 qm Fabrikareal. Etappenweise wird die ehemalige Spinnerei zu einem zukunftsweisenden Wohn-, Arbeits- und Kulturraum entwickelt.;Auf dem Areal befinden sich Werkstätten, Ateliers, Musik- und Sporträume mit attraktiven Angeboten. Das Herzstück des Gebäudes bildet das „Foyer“ mit einem Veranstaltungsraum für bis zu 200 Personen. Zukünftig entsteht hier Wohnraum für eine diverse Mieterschaft. 

Hier am Ufer der Thur wurde in diesem Gebäude die erste mechanische Spinnerei des Toggenburgs gegründet. Der Kopfbau der Fabrik wurde 1819 erbaut und gilt als schützenswertes Kulturobjekt. 1863 wurde dieser Teil erstmals erweitert. 1955 entstand der heutige Mittel- und Nordbau. In den besten Zeiten der Textilfabrik arbeiteten hier 320 Menschen.

2017 schloss die Fein-Elast Grabher AG in Lichtensteig ihre Tore. Die Gemeinde und der Kanton unterstützten daraufhin die partizipative Entwicklung einer nachhaltigen Lösung. Aus diesem Prozess entstand die Genossenschaft Stadtufer. Zusammen mit vielen öffentlichen und privaten Unterstützer*innen konnte die Genossenschaft die Fabrik im Januar 2021 kaufen. Die Stiftung Edith Maryon, deren Ziel es ist, Bodenspekulation zu verhindern, übergab der Genossenschaft das Baurecht für 90 Jahre.;9.085101;47.323253;Stadtbrücke 3;9620;Lichtensteig;0766045247;info@stadtufer.ch;https://www.stadtufer.ch/;[{'@type': 'ImageObject', 'contentUrl': 'https://ttpimtsoch.sos-ch-dk-2.exoscale-cdn.com/catalog/8/4/e/6/84e67f8950fbedf53036b320dc0612b6a6561b95_DJI_0371_Pano.jpg'}];2026-03-16T19:28:58+01:00
0bd34929-5259-4058-9e55-e8c57f44dc34;Dorftreff Dicken;Sie suchen eine passende Location für Ihre Veranstaltung? Dann mieten Sie die Mehrzweckanlage im Dicken. 
;Das ehemalige Schulhaus Dicken wird von Vereinen und Einzelpersonen rege genutzt. Es ist als Treffpunkt für Jung und Alt im Dorfleben nicht mehr wegzudenken.

Die Dickler Vereine beleben den Dorftreff Dicken. Ob Bundesfeier,
Chilbi, Gugge-Maskenball, Aufführungen anlässlich verschiedener
Unterhaltungen oder als Lokalität für private Feierlichkeiten – alle
wählen den Dorftreff Dicken als Ort ihrer Veranstaltung.
Unsere Genossenschaft übernimmt die Liegenschaft und betreibt sie
als Dorftreff Dicken.

Auf der Aussenanlage wartet für die Kinder der im 2022 neu erstellte Spielplatz. 

Wir freuen uns, wenn Ihr Anlass bei uns im Dorftreff Dicken stattfindet. ;9.193758472867989;47.33786574818278;Schulstrasse 5;9115;Dicken;071 351 21 54;kontakt@dorftreffdicken.ch;https://www.dorftreffdicken.ch;[{'@type': 'ImageObject', 'contentUrl': 'https://ttpimtsoch.sos-ch-dk-2.exoscale-cdn.com/catalog/c/2/7/d/c27d4d69859acbd76c0017613671eaabae194f4e_DSC_0026.JPG'}];2025-10-10T07:25:56+02:00
0d93e052-2a03-4bac-bfa0-efe110d6f5e6;Grillplatz Rossegg;9.3408195;47.2126822;Wildhaus;[{'@type': 'ImageObject', 'contentUrl': 'https://ttpimtsoch.sos-ch-dk-2.exoscale-cdn.com/catalog/7/1/8/b/718b7a8fb2edfd670800f3d71fed88bac0ee7580_IMG_3383.jpeg'}];2025-12-19T15:39:35+01:00
145d3464-5585-4a04-af43-90e9944f3378;Circularity Trail Lichtensteig;Höher. Weiter. Schneller. Mehr. Willkommen in unserer heutigen Gesellschaft. Doch entspricht dieser Modus auch unserer inneren Natur? Glücklich und erfüllt leben geht anders. Und das wissen wir auch – eigentlich.;<p><span style="background-color: rgb(255, 255, 255); color: rgb(54, 54, 54);">Der Circularity Trail möchte dazu inspirieren, wieder mehr in Einklang mit der Natur zu leben und das eigene Leben kreislaufbasierter auszurichten. Alles zu ihrer Zeit. Denn jede Zeit hat ihren ganz besonderen Wert, ihre eigene Kraft.</span></p><p></p><p><span style="background-color: rgb(255, 255, 255); color: rgb(54, 54, 54);">Die verschiedenen Stationen des Trails sind im Stadtgebiet Lichtensteig verteilt. An den jeweiligen Orten findest du jeweils ein Täfelchen mit QR-Code, welches den entsprechenden Audiofile für dich bereithält. Die Standorte knüpfen dabei an bestehende Orte und Projekte im Kontext von Mini.Stadt Lichtensteig an und sind thematisch darauf abgestimmt. </span></p><p></p><p><span style="background-color: rgb(255, 255, 255); color: rgb(54, 54, 54);">Die einzelnen Audiofiles bieten unterschiedliche Zugänge zu Circularity &amp; Kreislaufprinzip und zeichnen in ihrer Gesamtheit ein perspektivenreiches Bild zum Themenbereich Circular Society/Living.</span></p><p></p><p>Weitere Informationen zum Circularity Trail gibt es <a href="https://www.lichtensteig.ch/circularitytrail" rel="noopener noreferrer" target="_blank">hier</a>. </p><p></p><p></p>;9.087045192718508;47.32369757432914;9620;Lichtensteig;+41 58 228 23 99;info@lichtensteig.sg.ch;https://www.lichtensteig.ch/circularitytrail;[{'@type': 'ImageObject', 'contentUrl': 'https://ttpimtsoch.sos-ch-dk-2.exoscale-cdn.com/catalog/a/0/7/f/a07f13a072d614a7dcf6e1175c834184c62e6443_circularity_trail.webp'}];2025-12-19T15:40:51+01:00
150c658f-eea7-41fc-8da0-3ddf3c7905a4;Markthalle Toggenburg;Die Markthalle Toggenburg in Wattwil kann sehr vielseitig genutzt werden und ist die Veranstaltungslokalität mit dem gewissen Etwas in der Ostschweiz.;In der Markthalle Toggenburg in Wattwil findet eine Vielzahl von verschiedenen Anlässe statt – von wöchentlichen Viehmärkten, Auktionen und Viehausstellungen über Gewerbeausstellungen und grosse Generalversammlungen, bis zu Party- und Sportanlässen, Auto-Treffen und vieles mehr. 

Die Markthalle bietet eine grosszügige Halle (25 x 45 m), ein Restaurant, eine Tribüne, eine moderne Küche und Büro-Räumlichkeiten. 

Kapazität: bis 2000 Personen
;9.090671539306642;47.29346425022494;Austrasse 21;9630;Wattwil;+41 71 985 03 35;info@markthalle-toggenburg.ch;https://www.markthalle-toggenburg.ch/;[{'@type': 'ImageObject', 'contentUrl': 'https://ttpimtsoch.sos-ch-dk-2.exoscale-cdn.com/catalog/1/b/4/5/1b4575b7c190da37bddc86f6cfbcb369e1c0b92e_markthalle_toggenburg_in_wattwil_04__2_.jpg'}];2026-01-10T03:36:34+01:00
1579bd33-9490-4625-bc5d-b2b8d3234158;Stall Morgenstern;Aktivitäten und Erlebnisse rund ums Pferd für Kinder und Erwachsene. Individuelle Angebote gerne auf Anfrage.;Unser Stall bietet verschiedene Aktivitäten rund ums Pferd an. Wanderungen mit unseren gut ausgebildeten Ponys für Erwachsene und Kinder. Ausritte und Bodenarbeit sowie individuelle Angebote für Kinder. Neu ab Februar 2026: Mondschein- und Vollmondwanderungen mit unseren Ponys mit Zwischenverpflegung.;9.203985214135175;47.20683978288342;Seuzach-Laad 1055;9650;Nesslau;+41795800156;horsetraining@gmx.ch;https://www.stall-morgenstern.ch;[{'@type': 'ImageObject', 'contentUrl': 'https://ttpimtsoch.sos-ch-dk-2.exoscale-cdn.com/catalog/d/b/1/a/db1aa475a9153687c513b17edf455c3ac221958c_a4b2054f_509a_4231_b1e7_d5af9680bec2__2.jpg'}];2026-02-03T15:25:59+01:00
1981eb84-086c-40df-855f-5eeec8f31f8e;Johanneum;Das Johanneum ist Schul-, Ausbildungs- und Wohnort. Es befindet sich auf dem Areal eines ehemaligen Benediktinerklosters. 
Der Toggenburg Gutschein kann in der Gärtnerei, Küche und im Atelier eingelöst werden.

;Wir vermieten Räume im ehemaligen Kloster Neu St. Johann und in unseren Nebengebäuden für Seminare, Familienfeste oder sonstige Veranstaltungen. Unser Raumangebot bietet Platz für öffentliche und private Anlässe. Für Ihren Anlass haben wir den idealen Raum. Alle Räume können nach Ihren Bedürfnissen bestuhlt und ausgestattet werden. Auch für das leibliche Wohl sorgen wir. Das Catering (Verpflegung und Getränke) übernimmt gerne ganz nach ihrem Gusto unsere Gastronomie.

Kapazitäten:
Äbtestube: 40 Personen
Sitzungszimmer Klostergebäude: 20 Personen
Speisesaal: 50 Personen
Mehrzweckraum: 120 Personen
Sitzungszimmer Auhof: 35 Personen
Innenhof Klostergebäude: 150 Personen
Inseli in der Thur: 200 Personen;9.192810058593752;47.22916401695772;Johanneumstrasse 3;9652;Neu St. Johann;071 995 51 51;verwaltung@johanneum.ch;https://www.johanneum.ch/;[{'@type': 'ImageObject', 'contentUrl': 'https://ttpimtsoch.sos-ch-dk-2.exoscale-cdn.com/catalog/d/0/1/7/d0171f5e180a59f9251fbc5a54e771447342cd75_johanneum_2988.jpg'}];2026-05-24T21:50:10+02:00
19d289f1-4b2e-4fcb-8e12-07d9cf329cf2;Grillplatz Säntiswäldli;Gemütlicher Grillplatz mit kleinem, neu erbautem Spielplatz.;Der Grillplatz Säntiswäldli befindet sich in Unterwasser direkt am Anfang der Schwendistrasse gegenüber der Berg und Bett Säntis Lodge. Die Feuerstelle im kleinen lichten Wäldchen verfügt über einen rechteckigen Rost, der in der Höhe verstellbar ist, einem Holzvorrat und Sitzgelegenheiten auf drei Holzbänken. Dank des neu erbauten Spielplatzes können sich die Kinder im kleinen Seilgarten oder auf der Wippe vergnügen, während die Erwachsenen dem fröhlichen Lachen oder der vorbeiplätschernden Thur zuhören. Ausserdem steht auch das "Mitfahrbänkli" gleich nebenan, wo Sie sich hinsetzen können und warten, bis das nächste vorbeifahrende Auto Sie zu den Schwendiseen mitnimmt.
Kinderwagentauglich: ja, Holz: ja, Trinkwasser: nein, WC: nein, Kapazität: ca. 12;9.31269943714142;47.19602178175681;Frühweidstrasse;9657;Unterwasser;[{'@type': 'ImageObject', 'contentUrl': 'https://ttpimtsoch.sos-ch-dk-2.exoscale-cdn.com/catalog/1/b/0/9/1b0951175d2b297cdbb36a87623b5dda1623445a_IMG_1262.jpg'}];2026-05-16T00:01:54+02:00
205cbcc5-6579-4c08-a69e-b69eb4f6c981;Hängematte Untermühle;Tragendes Netz unter Baumkronen.;<p>Zwischen den B&auml;umen versteckt liegt diese Ruheoase nahe der Thur entlang des Thur- und Neckerwegs. An drei Punkten gespannt, schwebt das Netz leicht &uuml;ber dem Boden.<br><br>Sanft getragen zwischen den St&auml;mmen hebt sich der Blick ins Bl&auml;tterdach. Das Rauschen des Wassers mischt sich mit dem Rascheln der Bl&auml;tter. Ein Ort, um f&uuml;r einen Moment zur Ruhe zu kommen.</p>;9.08027;47.361222;Untermühle;9606;Bütschwil;+41 71 999 99 11;info@toggenburg.swiss;https://thurundneckerweg.ch;[{'@type': 'ImageObject', 'contentUrl': 'https://ttpimtsoch.sos-ch-dk-2.exoscale-cdn.com/catalog/9/a/8/8/9a8843e5fedb60c06299bd7561ed4348820dfde8_H__ngematte_Unterm__hle__B__tschwil.jpeg'}];2026-03-16T19:33:14+01:00
20945a5c-a6c9-4844-9fdb-b5c10719e8c9;Chäs Stübli der Swiss Cheese Factory ;Die perfekte Lokalität für regionale Geniesser;Das Chäs Stübli der Swiss Cheese Factory in Ganterschwil ist voll ausgestattet mit einer grossen Küche, WC und Bildschirm für Präsentationen. Die kulinarische Verwöhnung umfasst köstliche Spezialitäten der lokalen Produzentin.

Der Raum bietet Platz für bis zu 50 Personen.;9.087849855422975;47.381606913003175;Grundstrasse 2;9608;Ganterschwil;+41 71 983 32 30;info@swisscheesefactory.ch;https://www.swisscheesefactory.ch/chaes-stuebli/;[{'@type': 'ImageObject', 'contentUrl': 'https://ttpimtsoch.sos-ch-dk-2.exoscale-cdn.com/catalog/5/b/1/c/5b1cde3593eed11e2025a2a10392bebc24143233_Chaesi_Stuebli_6_1024x683.jpg'}];2025-12-19T15:40:51+01:00
24e0ccad-d1ea-4658-aafd-0c8d4b4b9c67;Foxtrail Wildhaus;Zwischen den sieben Churfirsten und dem Säntis gibt es im Sommer und im Winter einiges zu entdecken. Viel mehr noch gibt es zu hören, denn hier dreht sich alles um den Klang der Alpkultur. Auch der Fuchs spitzt seine Lauscher, während er seine Spur durch die Berge legt.;Keine Zeit, die atemberaubende Aussicht auf den Säntis und die Churfirsten zu geniessen, denn wer den Foxtrail in Wildhaus unter die Füsse nimmt, muss Augen und Ohren offen halten, um den Gold- und Silberschatz zu finden. Dabei spielt eine seltene Blume eine grosse Rolle.
 
Die Verfolger begeben sich in luftige Höhe, vernehmen den Klang historischer Kommunikationsanlagen und tauchen im Getümmel der Feriengäste unbemerkt in einen engen Kanal ein. Auch Schleckmäuler kommen auf diesem Trail auf ihre Kosten.;9.350459575653078;47.20346689730784;9658;Wildhaus;+41 58 510 74 00;mail@foxtrail.ch;https://foxtrail.ch/produkte/trails/ostschweiz/funi/;[{'@type': 'ImageObject', 'contentUrl': 'https://ttpimtsoch.sos-ch-dk-2.exoscale-cdn.com/catalog/2/c/c/9/2cc9d19ec175d0f3967546ccc057aea80c4cd69e_caw_210720_0069.jpg'}];2025-12-19T15:39:35+01:00
251f2203-708b-4af8-9495-1a4cf3eca129;Klang Escape Room;Der weltweit erste Escape Room zum Thema Klang;<p>Vor einiger Zeit kam die ortsfremde Lena Jeger ins Toggenburg, um f&uuml;r die Klangwelt kostenlose Klangkurse anzubieten. Im Gegenzug erhielt sie eine Unterkunft in der Klangschmiede. Jetzt ist die Musiklehrerin verschwunden &ndash; und ihr Zimmer ist abgesperrt! Verschafft euch Zugang zum Wohnraum von Lena und findet heraus, warum das Tal gef&auml;hrdet ist! Ultimativer, interaktiver R&auml;tselspass f&uuml;r Gruppen und Familien. Meldet euch bei Interesse &uuml;ber info@klangwelt.ch f&uuml;r einen Besuch an. Bitte gebt uns eure vollst&auml;ndigen Kontaktdaten an (Name, Vorname, Adresse, Telefonnummer, Mailadresse). Vielen Dank.</p><p>&nbsp;</p><p>Auskunft zur Zug&auml;nglichkeit: <a href="https://www.ginto.guide/entries/619d64d8-c3dc-4526-80f8-18c96530e219?lnk_src=business" target="_blank" rel="noopener">ginto</a></p>;9.27897870540619;47.193419883716835;Sonnenhalbstrasse 22;9656;Alt St. Johann;+41 71 998 50 00;info@klangwelt.ch;https://klangwelt.ch/angebote/gruppenangebote/klang-escape-room;[{'@type': 'ImageObject', 'contentUrl': 'https://ttpimtsoch.sos-ch-dk-2.exoscale-cdn.com/catalog/d/0/1/6/d01648f4618b9d10ea6ae8883c3a246be363ce05_Klang_Escape_Room_Klangwelt_Toggenburg.jpg'}];2026-07-27T12:10:44+02:00
25f195b1-d6d8-4179-a2db-5bf68ec9fcb6;Herrgottsbeton – Anna Maria Fink;Kunst am Fluss – Feine Linien im Felsbett als Resonanz zum Landschaftsraum. ;<p><span style="font-size: 11.0pt; line-height: 107%; font-family: 'Aptos',sans-serif; mso-ascii-theme-font: minor-latin; mso-fareast-font-family: Aptos; mso-fareast-theme-font: minor-latin; mso-hansi-theme-font: minor-latin; mso-bidi-font-family: 'Times New Roman'; mso-bidi-theme-font: minor-bidi; mso-ansi-language: DE-CH; mso-fareast-language: EN-US; mso-bidi-language: AR-SA;">Am T&uuml;fenbach bei St. Peterzell f&uuml;hrt ein schmaler Pfad &uuml;ber Sand, Fels und Nagelfluh zu einem grossen Findling im Flussbett. Hier macht Anna Maria Fink die Spuren von Zeit und Bewegung sichtbar: feine Markierungen im Sand, Spuren auf Stein und Einschnitte im Gel&auml;nde, die das Zusammenspiel von Wasser, Stein und Gehenden sp&uuml;rbar werden lassen.</span></p>;9.183111;47.313111;Rütteli;9127;St. Peterzell;+41 71 999 99 11;info@toggenburg.swiss;https://thurundneckerweg.ch;[{'@type': 'ImageObject', 'contentUrl': 'https://ttpimtsoch.sos-ch-dk-2.exoscale-cdn.com/catalog/2/2/0/e/220e78998a7e126e9d8bc6814aefa54bcf0b2639_Kunstwerk_R__tteli__St._Peterzell.jpg'}];2026-06-13T23:57:09+02:00
36034253-37cc-4a0f-882b-8fc90fd6f290;Naturkino Ruine Rüdberg;Holzliegen, die den Körper tragen und den Raum öffnen.;<p>Hergestellt aus heimischem Holz ist dieses Naturkino Teil der Thur- und Neckerweg-Ruheoasen.<br><br>Statt auf eine Leinwand &ouml;ffnet sich der Blick in die Tiefe des Waldes. Das Licht bricht in den Baumkronen, die sich zwischen Himmel und Erde spannen. Ein Rascheln in der N&auml;he, ein Zwitschern in der Ferne, das leise Knacken eines Astes im Hintergrund. Mit den Jahreszeiten ver&auml;ndert sich das Bild. Der Wald kennt Zeiten der Bewegung und des Innehaltens.</p>;9.088722;47.349750;Ruine Rüdberg;9621;Oberhelfenschwil;+41 71 999 99 11;info@toggenburg.swiss;https://thurundneckerweg.ch;[{'@type': 'ImageObject', 'contentUrl': 'https://ttpimtsoch.sos-ch-dk-2.exoscale-cdn.com/catalog/f/f/c/c/ffcc629b9d5628aa23cfc61404149e6e15ba38e7_Naturkino_Ruine_R__dberg__Oberhelfenschwiel.jpg'}];2026-03-16T19:25:18+01:00
38a16017-d23e-425a-bb3d-8f85bbdbf6a2;Grillplatz Laui auf der Wolzenalp, Nesslau;Nahe der Wolzenalp, am Wanderweg in Richtung Nesslau und Ijental, befindet sich eine aussichtsreiche familienfreundliche Infrastruktur zum Bräteln.;Die Feuerstelle nach Schweizer-Familie-Standard ist eine von schweizweit über 500, die sich bestens für die Wanderverpflegung aus dem Rucksack oder für einen Tagesausflug eignet. Sie ist mit zwei Grillrosten, verfügbarem Brennholz, Tischen und Bänken sowie Ruhebänken mit toller Bergsicht eingerichtet. Sie lässt sich in 45 Minuten ab Bergstation Rietbach oder in knapp zwei Stunden ab Bahnhof Nesslau Neu St. Johann erreichen.

Die Grillstelle liegt am Klimaerlebnisweg Toggenburg. Kinderwagentauglich: ja ab Nesslau via Schneit, Holz: ja, Trinkwasser: nein, WC: nein, Kapazität: ca. 20;9.169686;47.217016;Laui;9650;Nesslau;+41 71 999 99 11;info@toggenburg.swiss;https://www.nesslau-tourismus.ch;[{'@type': 'ImageObject', 'contentUrl': 'https://ttpimtsoch.sos-ch-dk-2.exoscale-cdn.com/catalog/6/b/1/5/6b1583fd696b30ca372f8ac5f5514ac037a749b8_Grillplatz_Laui_Nesslau.jpg'}];2026-05-14T23:20:10+02:00
3e493c57-f41f-4584-a1bb-3462fd8b424b;topochoreographies - marce norbert hörler;Kunst am Fluss – Zeichen und Texte als Annäherung an Wasser und Bewegung.;<p>Auf dem Weg zum Thurwasserfall begleiten sechs Bronzetafeln den Aufstieg durch das Ch&auml;mmerlitobel. Inspiriert vom Wasserfall greifen sie Bewegungen und nat&uuml;rliche Kreisl&auml;ufe auf. Zeichnungen und Texte im lokalen Dialekt erinnern an Formeln und Rituale und er&ouml;ffnen neue Zug&auml;nge zum Ort. Mit der Zeit ver&auml;ndert sich das Material &ndash; wie das Wasser bleibt auch das Werk in Bewegung.</p>;9.311555555555556;47.2023056;Chämmerlitobel;9657;Unterwasser;+41 71 999 99 11;info@toggenburg.swiss;https://thurundneckerweg.ch;[{'@type': 'ImageObject', 'contentUrl': 'https://ttpimtsoch.sos-ch-dk-2.exoscale-cdn.com/catalog/3/0/4/0/3040a302098ff0e191e74003b040795c22446d2a_STUR3727_klein.jpg'}];2026-05-12T17:49:18+02:00
41fa3ffb-4a11-48c1-a448-7207eea8c1a8;Schaukel Vor dem Bach;Grosse Holzschaukel mit Blick auf Thur und Churfirsten.;<p>Aus heimischem Holz gefertigt, liegt diese Ruheoase am Ufer der Thur auf einem ruhigen Abschnitt des Thur- und Neckerwegs.<br><br>Beim Schaukeln hebt sich der Blick &uuml;ber die Thur bis zu den Churfirsten am Horizont. In dieser Perspektive zeigen sie sich frei am hinteren Ende des Tals, ein wahrlich majest&auml;tischer Anblick.</p>;9.183611;47.235278;Vor dem Bach;9650;Nesslau;+41 71 999 99 11;info@toggenburg.swiss;https://thurundneckerweg.ch;[{'@type': 'ImageObject', 'contentUrl': 'https://ttpimtsoch.sos-ch-dk-2.exoscale-cdn.com/catalog/6/1/5/5/61556b4a389993545e420d28574b5e9001f2e8d0_Schaukel_Vor_dem_Bach__Nesslau.jpg'}];2026-03-16T19:26:49+01:00
4297bc41-4245-42ac-ab9d-023c9769f83b;Kutschenfahrten Fässler;Kutschenfahrten im Obertoggenburg;Wir bieten im Sommer Gesellschaftsfahrten und im Winter Schlittenfahrten an.
Auf Wunsch können auch Fonduefahrten organisiert werden. 
Es können Fahrten für kleinere sowie grössere Gruppen durchgeführt werden.;9.1843718290329;47.232970622096424;Bühlerbrücke 455;9650;Nesslau;+41 71 994 34 64;r-faessler@bluewin.ch;[{'@type': 'ImageObject', 'contentUrl': 'https://ttpimtsoch.sos-ch-dk-2.exoscale-cdn.com/catalog/d/f/d/3/dfd3db3d691b50d07079fc5fdeece39e942f570f_IMG_20181028_WA0008.jpg'}];2025-12-19T15:39:35+01:00
486573b4-212f-4856-ba61-e1fc0251cea2;Resonanzzentrum Peter Roth;Das Resonanzzentrum Peter Roth, als Holzbau konzipiert, hat zum Ziel, Klanggäste ganzheitlich zu betreuen und ihnen einen Zugang zum Thema «Klang» zu eröffnen. Das Empfangshaus dient als zentraler Anlaufpunkt für kulturelle und touristische Aktivitäten. ;Der Klangdom im dritten Stock des Resonanzzentrums Peter Roth ist das Herzstück des Hauses und der erste öffentlich zugängliche Klangdom in der Schweiz. Als Begegnungs- und Erlebnishaus heisst das Zentrum Besucherinnen und Besucher willkommen und bietet einen interaktiven Zugang zu Klang, Resonanz und Schwingung. Der Klangdom ist ein besonderer Ort für besondere Musik: Er bietet Platz für bis zu 100 Gäste, schafft Begegnungen und ermöglicht die Reflexion der Klangerfahrungen. Ein wichtiger Bestandteil für die erste audiovisuelle Präsentation im Klangdom ist die Dokumentarfilmreihe «Vom Zauberklang der Dinge», die das Werk von Peter Roth und die Musizierenden zeigt, die ihn begleitet haben.;9.329731464385988;47.19039062489649;Vordere Schwendistrasse 60;9658;Wildhaus;+41 71 998 50 00;info@klangwelt.ch;https://klangwelt.ch;[{'@type': 'ImageObject', 'contentUrl': 'https://ttpimtsoch.sos-ch-dk-2.exoscale-cdn.com/catalog/6/2/9/9/6299922ca72c2e6f32c44cf839cb80f1bceacd16_250623_GPU2501_3519_web.jpg'}];2026-07-27T13:21:52+02:00
4dcbfcdf-1576-4ac3-82dc-90ea0be3095d;Naturbühne Flöözli;Offene Holzplattform als Aufenthalts- und Begegnungsort.;<p>Aus heimischem Holz gefertigt, liegt diese Plattform entlang des Thur- und Neckerwegs frei im Landschaftsraum. Sie schafft eine klare, einfache Fl&auml;che im Freien &ndash; offen f&uuml;r das, was entstehen will.<br><br>Die B&uuml;hne kann spontan genutzt oder reserviert werden. Ob allein, zu zweit oder in einer kleinen Gruppe &ndash; hier entsteht Raum f&uuml;r Austausch, f&uuml;r Proben oder Trainings, Kurse und Workshops, kleine Vorf&uuml;hrungen oder f&uuml;r Team-Meetings &laquo;mal anders&raquo;. Die Naturb&uuml;hne bietet einen besonderen Rahmen f&uuml;r gemeinsame Momente in neuer Umgebung. Alternativ dient sie als Platz f&uuml;rs Picknick oder den Lunch am Mittag.</p>;9.086500;47.322056;Flöözli;9620;Lichtensteig;+41 71 999 99 11;info@toggenburg.swiss;https://thurundneckerweg.ch;[{'@type': 'ImageObject', 'contentUrl': 'https://ttpimtsoch.sos-ch-dk-2.exoscale-cdn.com/catalog/a/4/5/5/a455f80252894774134399ae3fc65c79009d865e_Naturb__hne_Fl____zli__Lichtensteig.jpg'}];2026-06-12T22:04:59+02:00
52561659-8932-4248-93ac-42a63b50e261;Erlebnishaus Klangschmiede;In der Klangschmiede erleben Sie Klang, Resonanz und Brauchtum hautnah.;<p>In der 2011 er&ouml;ffneten Werkstatt und Gesch&auml;ftsstelle der Klangwelt Toggenburg wird das Kunsthandwerk des Schmiedens von Schellen und anderen Klangk&ouml;rpern gezeigt und vermittelt. Die Klangschmiede ist ein interaktives Erlebnishaus mit verschiedenen Themenr&auml;umen. Tauchen Sie ein in die Themen Weltall, Fauna und Flora, Naturtonmusik und Brauchtum. Und erfahren Sie mehr &uuml;ber Klangph&auml;nomene oder Heilung durch Klang. Ausprobieren und Experimentieren ist ausdr&uuml;cklich erw&uuml;nscht.</p><p>&nbsp;</p><p>Auskunft zur Zug&auml;nglichkeit:&nbsp;<a href="https://www.ginto.guide/entries/b7546341-d476-4086-82d8-2f124487b429?lnk_src=business" target="_blank" rel="noopener">ginto</a></p>;9.27897870540619;47.193419883716835;Sonnenhalbstrasse 22;9656;Alt St. Johann;+41 71 998 50 00;info@klangwelt.ch;http://www.klangwelt.ch;[{'@type': 'ImageObject', 'contentUrl': 'https://ttpimtsoch.sos-ch-dk-2.exoscale-cdn.com/catalog/5/2/b/2/52b2f6391dfec2704b7e3a685cc8c48cabf749ce_Klang_und_Brauchtum_Klangschmiede_Klangwelt_Toggenburg.jpg'}];2026-07-27T12:10:44+02:00
536fc1f7-581c-4072-a766-a1f12ba3f1ae;Eventraum Schüür;Basierend auf dem Monatsprogramm bieten wir in unserem stimmungsvollen Eventraum im Zentrum von Brunnadern Anlässe und Veranstaltungen mit kulinarischem Hintergrund.;<p>Die Sch&uuml;&uuml;r wird gef&uuml;hrt von Menschen mit und ohne Handicap. Unser Anliegen liegt in der integrativen und sinnvollen Besch&auml;ftigung von Menschen mit Beeintr&auml;chtigungen. Dieder Betrieb der Sch&uuml;&uuml;r basiert auf dem Monatsprogramm. Dieses kann ab ca. dem 20. Des Vormonats auf unserer Website herunter geladen werden: www.schuurbrunnadern.ch Wir werden gerne gebucht und sind auch hervorragend geeignet f&uuml;r Gastroanl&auml;sse von Gruppen und Bed&uuml;rfnisse verschiedenster Art, bei der wir gerne f&uuml;r ihr Wohl besorgt sind. Unser atmosph&auml;risch starker Eventraum umfasst mit Gastrobestuhlung min. 60 Pl&auml;tze. Unsere Veranstaltungen haben in der Regel einen kulinarischen Hintergrund. Wir geben aber auch Veranstaltungen Raum die lediglich ein Catering, oder einen Apero inkludieren. Sie k&ouml;nnen bei uns auch ihre eigene Veranstaltung organisieren. Unser Raum kann auch gemietet werden. Die Technik umfasst WLAN und einen Beamer. Geplant ist der Aufbau einer verbesserten Ausstellungsraumtechnik. Mit dem Treppenlift ist ein barrierefreier Zugang m&ouml;glich. Nur bedingt geeignet sind wir f&uuml;r Anl&auml;sse mit mehreren rollstuhlfahrenden Teilnehmern. Parkpl&auml;tze befinden sich in unmittelbarer N&auml;he und der Bahnhof ist in 5 min. erreicht. Unsere Betriebsleiterin Frau Susanne Stalder beantwortet gerne ihre weiteren Fragen: info@schuurbrunnadern.</p><p>&nbsp;</p><p>Auskunft zur Zug&auml;nglichkeit:&nbsp;<a href="https://www.ginto.guide/entries/0922abed-fda6-469f-868f-5b9ad886126d?lnk_src=business" target="_blank" rel="noopener">ginto</a></p>;9.130995869636537;47.33540906495313;Dorfstrasse 20a;9125;Brunnadern;+41 77 261 56 00;info@schuurbrunnadern.ch;https://www.schuurbrunnadern.ch/;[{'@type': 'ImageObject', 'contentUrl': 'https://ttpimtsoch.sos-ch-dk-2.exoscale-cdn.com/catalog/1/3/8/e/138ec4380ae46007911d03953fa76adba92b5df6_Sch____r.jpg'}];2026-04-17T12:09:33+02:00
54376a6d-191c-497f-8166-74ee3e754dba;Ackerhus;Das Ackerhus in Ebnat‑Kappel ist ein lebendiger Ort für Toggenburger Kulturgeschichte, Hausorgeln, Halszithern und historische Möbel – ein Museum und Kulturlokal, das Vergangenheit und Gegenwart verbindet.;<div><p>Im Herzen des Toggenburgs steht das Ackerhus in Ebnat‑Kappel &ndash; ein Ort, der Kulturerbe auf inspirierende Weise bewahrt und lebendig h&auml;lt. Das historische Bauernhaus aus dem 18. Jahrhundert wurde 1952 von Albert Edelmann originalgetreu an seinem heutigen Standort aufgebaut. Damit legte er den Grundstein f&uuml;r das heutige Heimatmuseum und Kulturlokal.</p><p>Das Ackerhus vereint Geschichte und Gegenwart zu einem besonderen Ort: Toggenburger Architektur, liebevoll restaurierte und modern erweiterte R&auml;ume laden zu Sonderausstellungen, Konzerten und privaten Feiern ein. Hier treffen Vergangenheit und Gegenwart aufeinander und schaffen Inhalte, die Herkunft dokumentieren und in der Gegenwart verbinden.</p><p>Ob bei einem spontanen Besuch der Ausstellung oder einer besonderen Veranstaltung &ndash; das Ackerhus bietet Perspektiven, die neugierig machen und Lust auf mehr wecken.</p></div>;9.1224594;47.2673229;Ackerhusweg 20;9642;Ebnat-Kappel;+41797790284;info@ackerhus.ch;http://ackerhus.ch;[{'@type': 'ImageObject', 'contentUrl': 'https://ttpimtsoch.sos-ch-dk-2.exoscale-cdn.com/catalog/f/1/6/a/f16a7cca677f6202a5da7e41c98e4b797724e03b_STB20250826_531__1_.jpg'}];2026-06-08T15:54:07+02:00
67245292-9531-4d34-a310-2cc6cae6a1a2;Hydromyths – Lucie Tuma;Kunst am Fluss – Klangspuren, verweben Gegenwart und Vergangenheit.;<p>Am Zusammenfluss von Thur und Necker in L&uuml;tisburg l&auml;dt Lucie Tuma mit &bdquo;Hydromyths&ldquo; zu einem begehbaren Klangraum ein. Vogelstimmen, Wasserger&auml;usche und eingesprochene Texte erklingen &uuml;ber eine Tonspur, Holzbilder an der historischen Br&uuml;cke erg&auml;nzen den Soundwalk. Naturkl&auml;nge und Erz&auml;hlung treten hier in einen leisen Dialog.</p>;9.083389;47.391944;Letzibrücke;9604;Lütisburg;+41 71 999 99 11;info@toggenburg.swiss;https://thurundneckerweg.ch;[{'@type': 'ImageObject', 'contentUrl': 'https://ttpimtsoch.sos-ch-dk-2.exoscale-cdn.com/catalog/5/1/c/6/51c6d5ab0e866e3ad3d68fbd45949239ab8035de_HST_2969.jpg'}];2026-05-13T18:54:56+02:00
6ce16aef-91ee-4743-ba21-12d9a43c47de;Schaukel Bühl;Schlichte Schaukel aus Holz als Moment der Unbeschwertheit.;<p>Ein Holzbrett, zwei Ketten &ndash; mehr braucht es nicht. Entlang des Thur- und Neckerwegs entsteht so ein einfacher Ort, der an fr&uuml;her erinnert.<br><br>Beim Schaukeln wird das Gef&uuml;hl leichter und Gedanken verlieren an Gewicht. F&uuml;r einen Moment darf alles unkompliziert sein.</p>;9.219389;47.202167;Bühl;9655;Stein;+41 71 999 99 11;info@toggenburg.swiss;https://thurundneckerweg.ch;[{'@type': 'ImageObject', 'contentUrl': 'https://ttpimtsoch.sos-ch-dk-2.exoscale-cdn.com/catalog/1/5/a/0/15a0ba480ac099ac6be560671f599c9604eb23a9_Schaukel_B__hl__Stein.jpeg'}];2026-03-16T19:16:41+01:00
716cd749-becf-413b-8cd1-8ba0abe54e70;Sitzbank Flooz;Schlichtes Holzbänkli als ruhiger Aufenthaltsort.;<p class="MsoNormal" style="margin-bottom: 0cm; line-height: normal;">Dieses B&auml;nkli ist Teil der Ruheoasen entlang des Thur- und Neckerwegs, gefertigt aus heimischem Holz und bewusst reduziert gestaltet.<br><br>Es bietet einen einfachen, klar gestalteten Ort zum Sitzen, Verweilen und Innehalten. Der Blick richtet sich in die Landschaft &ndash; auf Wasser, Wiesen oder Berge, je nach Standort neu, stets mit Bedacht gew&auml;hlt.</p>;9.079417;47.313361;Wilerstrasse;9630;Wattwil;+41 71 999 99 11;info@toggenburg.swiss;https://thurundneckerweg.ch;[{'@type': 'ImageObject', 'contentUrl': 'https://ttpimtsoch.sos-ch-dk-2.exoscale-cdn.com/catalog/3/3/7/2/3372176910170ac9ce44780ebdd6315b68ea31b6_Sitzbank_Wilerstrasse__Wattwil.jpeg'}];2026-03-16T19:17:45+01:00
72359753-e0d5-4c4f-a6f5-58ee34ca4881;Schaukel Kühboden;Grosse Holzschaukel mit Blick auf Thur und Churfirsten.;<p>Gefertigt aus heimischem Holz liegt diese Ruheoase am Ursprung der S&auml;ntisthur auf einem zaubervollen Abschnitt des Thur- und Neckerwegs.<br><br>Beim Schaukeln ver&auml;ndert sich die Perspektive &ndash; sanfte Bewegung verbindet Leichtigkeit mit Weitblick. Die noch junge Thur fliesst hier talw&auml;rts, gegen&uuml;ber erheben sich die sieben Churfirsten eindr&uuml;cklich.</p>;9.315083;47.209556;Kühboden;9657;Unterwasser;+41 71 999 99 11;info@toggenburg.swiss;https://thurundneckerweg.ch;[{'@type': 'ImageObject', 'contentUrl': 'https://ttpimtsoch.sos-ch-dk-2.exoscale-cdn.com/catalog/c/9/1/d/c91d93588b18a147030de44ea4b4f61296a7ead3_Schaukel_B__chel__Unterwasser.jpg'}];2026-03-16T19:19:46+01:00
728ceaa5-d12a-43b7-a36d-411c159a7bed;Besuch bei der Kamerasau;Der Adelbach-Hof im schönen Neckertal ist das zu Hause von einem besonderen Schwein. Und zwar zeigt es euch live seinen ganzen Tagesablauf.;Wenn es sich im Dreck wälzt, das Futter freudestrahlend frisst oder mit seinen Kolleginnen im Stall ein Nickerchen macht. Die Kamerasau filmt und streamt live auf die Webseite www.kamerasau.ch. Hier sehen alle, wie die 20 Freiland-Schweine ihr Leben geniessen. 

Natürlich steht auch der Hof offen, wer sich vor Ort die Schweine betrachten möchte und ist jederzeit herzlich Willkommen. Taucht in das Leben unserer Schweine ein und geniesst auf dem Glasboden-Stall gemütlich einen Kaffee, währenddem die Tiere beobachtet werden können. 

Auf Wunsch planen wir gerne eine Führung durch unseren ganzen Hof. Erleben Sie wie wir arbeiten und was wir für Produkte herstellen. In unserem Hofladen kann die Einkaufstasche mit verschiedenen Köstlichkeiten gefüllt werden. 

;9.1275410068259;47.343055449999994;Adelbach 993;9126;Necker;+41 71 565 73 51;info@adelbach-hof.ch;https://www.adelbach-hof.ch/;[{'@type': 'ImageObject', 'contentUrl': 'https://ttpimtsoch.sos-ch-dk-2.exoscale-cdn.com/catalog/6/7/c/b/67cbd35dfdc35b8477142118b8c20a8fb8a3b908_DJI_0455.JPG'}];2026-03-16T19:20:17+01:00
789bcf9e-8ce7-431f-8a44-f256e9901464;Holderschüür;Die Holderschüür ist Ihr Eventlokal im unteren Toggenburg.;Egal ob Firmenanlass, Geburtstagsfest oder Hochzeit, die Familie Oswald organisiert Ihr Fest! Mit ihrer gastronomischen Erfahrung können Sie sich zurücklehnen und müssen nur die Einladungen verschicken.

Neben Eventgastronomie bieten Romy und Beni Oswald Ihnen zudem ein lustiges Rahmenprogramm, bei welchem Sie und Ihre Gäste eine Farmolympiade geniessen. Bei diesem Teamanlass, entsteht eine super Stimmung, die mit einer originellen Rangverkündigung endet.

Entdecken Sie auch die verschiedenen Holunderspezialitäten, welche der "Schüür" ihren Namen verliehen haben. Diese können im Laden vor Ort oder zum Beispiel am Weihnachtsmarkt im November gekauft werden.
;9.008113145828249;47.41003995141986;Sackgrütli;9533;Kirchberg;+41 71 931 45 07;beni.oswald@bluewin.ch;https://www.holderschuer.ch/;[{'@type': 'ImageObject', 'contentUrl': 'https://ttpimtsoch.sos-ch-dk-2.exoscale-cdn.com/catalog/f/3/3/2/f3322d04890bd4a7c799465a90883eea4eab6c64_Holderschuer.jpg'}];2025-12-19T15:40:52+01:00
7c8f4276-6a14-4c75-9cf5-54eac46c3e15;Kinderbaustelle Wattwil;Die Offene Kinderbaustelle Wattwil schafft im Zentrum von Wattwil einen Platz, auf dem Kinder frei nach ihren Ideen und Wünschen hoch und tief bauen dürfen.;Das Projekt Offene Kinderbaustelle Wattwil schafft im Zentrum von Wattwil einen Platz, auf dem Kinder hoch und tief bauen dürfen.

Auf der Kinderbaustelle in Wattwil werden die Kinder unterstützt und begleitet durch kompetente Betreuungspersonen. In dem dafür vorgesehenen Areal können sie mit unterschiedlichsten Baumaterialien frei nach ihren Ideen und Wünschen, ihrem Wissen und Können, bauen und gestalten. Dabei lernen Kinder im Freien sich handwerklich und kreativ zu betätigen, alleine oder gemeinsam, beziehen ihre Umwelt in ihr Handeln mit ein und fördern dabei ihre taktilen- sozialen- und motorischen Fähigkeiten. 

Willkommen sind alle Kinder bis zum 12. Lebensjahr. Das Angebot ist für alle Besucherinnen und Besucher gratis und neben den betreuten Öffnungszeiten steht die Kinderbaustelle allen Schulklassen aus der Unter- und Mittelstufe, den Kindertagestätten, der Heilpädagogischen Schule, allen Jugendvereinen aus Wattwil und der Region und weiteren Interessierten aus dem Bereich der Kinderbetreuung für allfällige Projekte und Anlässe zur Verfügung.;9.09904128761418;47.2892278;Churfirstenstrasse;9630;Wattwil;+41 71 987 55 99;jugendarbeit@wattwil.ch;http://www.kinderbaustelle-wattwil.ch;[{'@type': 'ImageObject', 'contentUrl': 'https://ttpimtsoch.sos-ch-dk-2.exoscale-cdn.com/catalog/7/2/0/c/720cbd0f0150a71230e21b63b962b17106711568_Kinderbaustelle_Gel__nde.JPG'}];2025-12-19T15:40:52+01:00
95bed004-bd21-413c-aa09-075846e31fc5;Sitzbank Iltishag;Schlichtes Holzbänkli als ruhiger Aufenthaltsort.;<p>Dieses B&auml;nkli ist Teil der Ruheoasen entlang des Thur- und Neckerwegs, gefertigt aus heimischem Holz und bewusst reduziert gestaltet.<br><br>Es bietet einen einfachen, klar gestalteten Ort zum Sitzen, Verweilen und Innehalten. Der Blick richtet sich in die Landschaft &ndash; auf Wasser, Wiesen oder Berge, je nach Standort neu, stets mit Bedacht gew&auml;hlt.</p>;9.237111;47.191333;Iltishag;9656;Starkenbach;+41 71 999 99 11;info@toggenburg.swiss;https://thurundneckerweg.ch;[{'@type': 'ImageObject', 'contentUrl': 'https://ttpimtsoch.sos-ch-dk-2.exoscale-cdn.com/catalog/7/7/2/8/77288f4bdfc7a847ac9989be8698a9a5b2a9e83b_Sitzbank_Iltishag__Starkenbach.jpg'}];2026-03-16T19:10:17+01:00
99f548b2-cf39-4cc6-9f83-65f2775078a6;Schaukeln Barenegg;Schlichte Schaukeln aus Holz als Moment der Unbeschwertheit.;<p>Ein Holzbrett, zwei Ketten &ndash; mehr braucht es nicht. Entlang des Thur- und Neckerwegs entsteht so ein einfacher Ort, der an fr&uuml;her erinnert.<br><br>Beim Schaukeln wird das Gef&uuml;hl leichter und Gedanken verlieren an Gewicht. F&uuml;r einen Moment darf alles unkompliziert sein.</p>;9.188500;47.298500;Barenegg;9633;Hemberg;+41 71 999 99 11;info@toggenburg.swiss;https://thurundneckerweg.ch;[{'@type': 'ImageObject', 'contentUrl': 'https://ttpimtsoch.sos-ch-dk-2.exoscale-cdn.com/catalog/b/f/7/8/bf78e28069be551cdf9ec694ae597e9ae038099d_Schaukeln_Barenegg__Neckertal.jpg'}];2026-03-16T19:11:29+01:00
a721ed0c-9cc2-41c6-b754-8f06221874e1;Propstei Alt St. Johann;Wir vermieten verschiedenste Räume in dem ehemaligen Kloster St. Johann. Besonders geeignet für Hochzeiten, Familienfeste oder Veranstaltungen in kleinerem Rahmen, wie Seminaren, bis hin zu grösseren Versammlungen.;Verschieden grosse Räumlichkeiten bieten Ihnen die Möglichkeit, die ideale Grösse für Ihren Event auszuwählen. Ob für eine Präsentation mit Beamer, eine Vorstellung mit Bühne oder einfach den Geburtstag feiern. Wir stellen allen benötigten Materialien zur Verfügung. Von Geschirr bis hin zu Kaffeetassen ist für alles gesorgt, damit Sie unvergessliche Momente, ungestört, erleben können.

Kapazität:
Paul Müller Saal: 80 Personen
Johannes Saal: 190 Personen
Sitzungszimmer: 12 Personen
klostergarten: 200 Personen
Milo & Thüring - Keller: 30 Personen
Abt Konrad: 100 Personen

;9.28526043891907;47.194374928696426;Dorf 404;9656;Alt St. Johann;info@sanktjohann.ch;https://www.sanktjohann.ch/;[{'@type': 'ImageObject', 'contentUrl': 'https://ttpimtsoch.sos-ch-dk-2.exoscale-cdn.com/catalog/c/7/0/a/c70acfe830c6786379e87585479b1c53c646e08b__01__Aussenaufnahme_.jpg'}];2025-12-19T15:39:40+01:00
b403847c-62dc-4cf6-8223-ecdc66969cc9;Tennis- und Eventhalle;Die gesamte Anlage mit 2000m2 eignet sich sehr gut für Versammlungen, Tagungen, Ausstellungen, Festivals, Partys, Kino, andere Sportanlässe und noch vieles mehr. Grundsätzlich kann die Tennis- und Eventhalle in der Sommersaison von Mai bis September gemietet werden.;9.310344457626345;47.196251736793684;Hauptstrasse 14;9657;Unterwasser;071 999 30 30; info@tennishalle.ch;https://www.tennishalle.ch;[{'@type': 'ImageObject', 'contentUrl': 'https://ttpimtsoch.sos-ch-dk-2.exoscale-cdn.com/catalog/7/6/e/f/76ef451ec7a5421958e98d0b14ea62756df87a7a_Boulderbox_230.jpg'}];2026-01-13T14:05:13+01:00
b749d684-dd3c-4a37-a973-8a46e2159dfe;Liege Rennen;Holzliege am Flussufer als stiller Ruheort.;<p>Aus heimischem Holz gefertigt, liegt diese Ruheoase am Wasser entlang des Thur- und Neckerwegs. Schlicht gehalten l&auml;sst sie dem Wasser den Raum.<br><br>Der Blick folgt dem Fluss und seiner Bewegung. Rauschen, Str&ouml;mung, Spiegelungen und das Spiel des Lichts zeichnen das Bild. Hier pr&auml;gt nicht die Weite den Moment, sondern das Fliessen &ndash; ruhig und ohne Eile.</p>;9.124917;47.360472;Rennen;9621;Oberhelfenschwil;+41 71 999 99 11;info@toggenburg.swiss;https://thurundneckerweg.ch;[{'@type': 'ImageObject', 'contentUrl': 'https://ttpimtsoch.sos-ch-dk-2.exoscale-cdn.com/catalog/d/e/4/c/de4cd48cc8355e487aaed9daa16fbf1dd8dc6757_Liege_Rennen__Oberhelfenschwiel.jpg'}];2026-07-03T11:19:45+02:00
badfeb39-97ef-46e4-acb5-80e3344d0725;Liege Kammern;Holzliege am Flussufer als stiller Ruheort.;<p>Aus heimischem Holz gefertigt, liegt diese Ruheoase am Wasser entlang des Thur- und Neckerwegs. Schlicht gehalten l&auml;sst sie dem Wasser den Raum.<br><br>Der Blick folgt dem Fluss und seiner Bewegung. Rauschen, Str&ouml;mung, Spiegelungen und das Spiel des Lichts zeichnen das Bild. Hier pr&auml;gt nicht die Weite den Moment, sondern das Fliessen &ndash; ruhig und ohne Eile.</p>;9.177944;47.243167;Kammern;9643;Krummenau;+41 71 999 99 11;info@toggenburg.swiss;https://thurundneckerweg.ch;[{'@type': 'ImageObject', 'contentUrl': 'https://ttpimtsoch.sos-ch-dk-2.exoscale-cdn.com/catalog/3/e/1/a/3e1a44b4127807f1946ff8e9d595002a53cdfbfa_Liege_Kammern__Krummenau.jpg'}];2026-03-16T19:05:19+01:00
bc0e812e-79fe-4182-a941-326e2d1c0b1a;Sitzbank Thurau;Schlichtes Holzbänkli als ruhiger Aufenthaltsort.;<p>Dieses B&auml;nkli ist Teil der Ruheoasen entlang des Thur- und Neckerwegs, gefertigt aus heimischem Holz und bewusst reduziert gestaltet.<br><br>Es bietet einen einfachen, klar gestalteten Ort zum Sitzen, Verweilen und Innehalten. Der Blick richtet sich in die Landschaft &ndash; auf Wasser, Wiesen oder Berge, je nach Standort neu, stets mit Bedacht gew&auml;hlt.</p>;9.123028;47.258667;Thurau;9642;Ebnat-Kappel;+41 71 999 99 11;info@toggenburg.swiss;https://thurundneckerweg.ch;[{'@type': 'ImageObject', 'contentUrl': 'https://ttpimtsoch.sos-ch-dk-2.exoscale-cdn.com/catalog/3/5/1/3/3513ac48919dbfce28754c4f59b8a01d6495d21f_Sitzbank_Thurau__Ebnat_Kappel.jpg'}];2026-03-16T19:05:29+01:00
bf2236a2-a398-4c87-bfc3-1f363a48b2e4;Grillplatz Summerigchopf;Gemütlicher Grillplatz, abseits vom Trubel mit wunderbarer Aussicht zu den sieben Churfirsten.;Die Grillstelle Summerigkopf befindet sich abseits von Wildhaus und ist nur zu Fuss über den Wanderweg erreichbar. Der Platz verfügt über einen rechteckigen Rost, der in der Höhe nicht verstellbar ist und drei Holzbänke, die Platz für ca. 12-15 Personen bieten.
Kinderwagentauglich: nein, Holz: nein, Trinkwasser: nein, WC: nein, Kapazität: ca. 12-15;9.4013705;47.210958;9658;Wildhaus;[{'@type': 'ImageObject', 'contentUrl': 'https://ttpimtsoch.sos-ch-dk-2.exoscale-cdn.com/catalog/3/1/0/3/3103e18f382a7177629d52ea9cb04f1b57ad5e3d_MZ_2023_Feuerstelle_Summrigweid_2.jpg'}];2026-08-01T17:24:13+02:00
c41cae1d-8361-475f-88b8-1370d810f1cc;Baumwipfelpfad Neckertal;Baumkronen von oben sehen - Staunen, lernen, geniessen und spielen!;<p>Der einzigartige Baumwipfelpfad Neckertal verbindet Nachhaltigkeit und Naturerlebnis und ist eine Bereicherung f&uuml;r das Neckertal und die Umgebung. Die sch&ouml;ne Natur- und Kulturlandschaft wurde erhalten und macht es m&ouml;glich, den Wald mit anderen Augen zu sehen. Erleben Sie das besondere Ausflugsziel in der Schweizer Natur und geniessen Sie bei uns Einblicke in die Baumkronen der auff&auml;lligen Art. Mit aussergew&ouml;hnlichen Perspektiven und spielerischem Lehrwert bietet der etwas andere Freizeitpark mit seinem dazugeh&ouml;rigen Walderlebnisweg ein Naturaufenthalt mit Tiefgang. Geniessen Sie die Stunden im Wald, offline und entschleunigt. Ganz gem&uuml;tlich zu zweit, mit Kindern auf dem Spielplatz, beim selber br&ouml;tl&auml; an der Grillstelle oder beim Glas Wein an der Sonne. Bei uns ist willkommen, wer gerne im Wald die Seele baumeln l&auml;sst. Unsere kleine Oase im Wald l&auml;dt dazu ein, etwas zu verweilen, dem Rauschen der Bl&auml;tter und dem Zwitschern der V&ouml;gel zu lauschen und Zeit mit Familie und Freunden zu verbringen.</p><p><br><span data-teams="true">Auskunft zur Zug&auml;nglichkeit</span>:&nbsp;<a href="https://www.ginto.guide/entries/3099ce5e-667a-41f9-9f44-0904a3a4cbc5?lnk_src=business">ginto</a></p>;9.1437367;47.3582246;Lettenstrasse 19;9122;Mogelsberg;+41 71 552 33 03;info@baumwipfelpfad.ch;http://www.baumwipfelpfad.ch;[{'@type': 'ImageObject', 'contentUrl': 'https://ttpimtsoch.sos-ch-dk-2.exoscale-cdn.com/catalog/6/1/2/3/61237838150ef8e91eb89e9233aaaeb709c28056_001_BWPf_20170930.jpg'}];2026-04-17T11:22:53+02:00
c4e33cbb-d10b-4787-81aa-54f62e0ecf82;Naturkino Gamplüt;Holzliegen, die den Körper tragen und den Raum öffnen.;<p>Hergestellt aus heimischem Holz ist dieses Naturkino Teil der Thur- und Neckerweg-Ruheoasen.<br><br>Statt auf eine Leinwand &ouml;ffnet sich der Blick in die Weite: die sieben Gipfel der Churfirsten beeindrucken auf der gegen&uuml;berliegenden Talseite. Licht und Wolken ver&auml;ndern das Bild mit jeder Minute. Ein Ort, um sich niederzulegen und die Natur wirken zu lassen.</p>;9.340444;47.212861;Gamplüt;9658;Wildhaus;+41 71 999 99 11;info@toggenburg.swiss;https://thurundneckerweg.ch;[{'@type': 'ImageObject', 'contentUrl': 'https://ttpimtsoch.sos-ch-dk-2.exoscale-cdn.com/catalog/5/e/9/a/5e9a22e4e1b40373704b010bd20475d68b69d066_IMG_1936.jpeg'}];2026-06-12T22:05:22+02:00
c70786ec-d0b0-4a33-b7b3-fab2e082337e;Sitzbank Thurwis;Schlichtes Holzbänkli als ruhiger Aufenthaltsort.;<p>Dieses B&auml;nkli ist Teil der Ruheoasen entlang des Thur- und Neckerwegs, gefertigt aus heimischem Holz und bewusst reduziert gestaltet.<br><br>Es bietet einen einfachen, klar gestalteten Ort zum Sitzen, Verweilen und Innehalten. Der Blick richtet sich in die Landschaft &ndash; auf Wasser, Wiesen oder Berge, je nach Standort neu, stets mit Bedacht gew&auml;hlt.</p>;9.334172;47.226607;Thurwis;9658;Wildhaus;+41 71 999 99 11;info@toggenburg.swiss;https://thurundneckerweg.ch;[{'@type': 'ImageObject', 'contentUrl': 'https://ttpimtsoch.sos-ch-dk-2.exoscale-cdn.com/catalog/2/3/8/5/2385a13ac88d9078b9b6d8cc43d134e134e0dde7_645ac23769edfa5b_threema_20250925_103606113.jpg'}];2026-03-16T19:06:37+01:00
d1518820-02b9-4bae-816b-4bffc1a7a899;Alpsteinmühle;Die Alpsteinmühle in Nesslau verarbeitet regionales Berggetreide direkt im Toggenburg. Im Mühlenlädeli findest du Mehle aus der Region. Gruppenführungen zeigen, wie aus Korn Schritt für Schritt Mehl entsteht.;<p>Regionales Getreide dort verarbeiten, wo es w&auml;chst Mitten in Nesslau kn&uuml;pft die Alpsteinm&uuml;hle an eine lange Tradition des Getreideanbaus im Obertoggenburg an. In der ehemaligen B&uuml;rgerscheune ist mit viel freiwilligem Engagement eine moderne M&uuml;hle entstanden, in der regional angebautes Berggetreide sorgf&auml;ltig verarbeitet wird. Wer die Alpsteinm&uuml;hle besucht, kann ein St&uuml;ck dieser regionalen Wertsch&ouml;pfung direkt erleben. Im M&uuml;hlenl&auml;deli findest du verschiedene Mehle und Getreideprodukte aus der Region. Das Angebot richtet sich nach Ernte und Verf&uuml;gbarkeit, sodass es immer wieder etwas Neues zu entdecken gibt. Ein sch&ouml;ner Zwischenstopp f&uuml;r alle, die regionale Produkte aus dem Toggenburg sch&auml;tzen und gerne wissen m&ouml;chten, woher ihre Lebensmittel kommen. Noch tiefer in die Welt des Getreides geht es bei einer M&uuml;hlenf&uuml;hrung f&uuml;r Gruppen. Dabei erh&auml;ltst du Einblick in die M&uuml;hlenanlage und erf&auml;hrst, wie aus dem Korn fertiges Mehl wird, welche Bedeutung der Getreideanbau f&uuml;r die Region hat und wie traditionelle Verarbeitung und moderne Technik zusammenspielen. Die F&uuml;hrungen eignen sich f&uuml;r Vereine, Firmen und private Gruppen und k&ouml;nnen auf Wunsch mit einem Ap&eacute;ro erg&auml;nzt werden.</p><p><strong>M&uuml;hlenl&auml;deli:</strong> Dienstag und Freitag, 9.00 bis 11.30 Uhr</p><p><strong>Gruppenf&uuml;hrungen: </strong>Montag bis Samstag nach Vereinbarung Ein Besuch in der Alpsteinm&uuml;hle verbindet regionalen Genuss, traditionelles Handwerk und ein St&uuml;ck Toggenburger Geschichte.</p>;9.2240492;47.2282045;Untersteig 693;9650;Nesslau;+4179 774 81 87;info@alpsteinmuehle.ch;https://alpsteinmuehle.ch;[{'@type': 'ImageObject', 'contentUrl': 'https://ttpimtsoch.sos-ch-dk-2.exoscale-cdn.com/catalog/b/3/f/f/b3ff554f31d8c0a013478fc28441a99cf21f3904_A7401752_LQ.jpg'}];2026-08-28T14:06:06+02:00
d34b2f2c-4698-40ce-a2fd-db320ee862e1;Deguschüür Ganterschwil;Eine heimelige Eventlokalität mit einmaliger Aussicht in die Churfirsten und über das untere Toggenburg.  ;Die ideale Umgebung für Ihren Familienanlass, Geburtstag, Konfirmation, Taufe, Hochzeit sowie für Ihren nächsten Firmenanlass oder Klassentreffen. 

Die «Degu-Schüür» ist mit technischen Einrichtungen (WLAN / Beamer) ausgestattet und kann bis 80 Personen aufnehmen.;9.092259407043459;47.36621103383134;Aewil 847;9608;Ganterschwil;+41 71 983 15 72;info@berghof-ag.ch;https://www.berghof-ag.ch/;[{'@type': 'ImageObject', 'contentUrl': 'https://ttpimtsoch.sos-ch-dk-2.exoscale-cdn.com/catalog/7/9/2/0/7920abf1572e3b4babab8a7137c5ea136968d0be_schuer_aussen_1000.jpg'}];2025-12-19T15:40:55+01:00
d947383e-104c-49e2-9e2b-3c48fa7a430b;Turngeräte Museum;Seit 1912 Jahren kommen in der Schweiz die Turngeräte für das Schul- und Vereinsturnen aus Ebnat-Kappel!;Besucher und Besucherinnen finden in der Ausstellung Turngeräte, welche sofort Erinnerungen und Emotionen wecken. Neben diesen Geräten können auch Unikate bestaunt werden, wie das vermutlich älteste noch existierende Pauschenpferd mit Kopf und Schwanz. Bücher, Fotos und Filme zeigen als Zeitzeugen das Turnen von damals.

Wir beleuchten die über 300-jährige Geschichte des Turnwesens: von den Übungen in den Ritterakademien, dem Turnen als vaterländische Pflicht, bis zu Sport, Spiel und Spass! 
Neu auch mit Audioguide, Themenparcours und verschiedenen Rätseln.


Eintritt: 
CHF 5.-/Person
Kinder und Jugendliche bis 16 Jahre gratis
Führungen für Gruppen: CHF 10.-/Person, mindestens CHF 80.-/Gruppe 

;9.115742400845049;47.265513299999995;Industriestrasse 10;9642;Ebnat-Kappel;+41719926633;museum@alder-eisenhut.swiss;https://turngeraetemuseum.ch/;[{'@type': 'ImageObject', 'contentUrl': 'https://ttpimtsoch.sos-ch-dk-2.exoscale-cdn.com/catalog/0/b/3/1/0b31ae9b51188c8fa4187552f82fd03d5635e4ab_2022___TT___Turnger__te_Museum_4.jpg'}];2026-06-12T23:35:04+02:00
dc870fd2-eb85-41f0-a6c9-c69ae78a8a94;Puppentheater-Wildhaus;Puppentheater Wildhaus
Willkommen im Puppentheater Wildhaus – wo Fantasie lebendig wird!
Seit 1978 begeistern liebevoll geführte Marionetten Kinder und Erwachsene gleichermassen. Ob märchenhafte Nachmittagsvorstellung oder stimmungsvolles Abendstück.;Puppentheater Wildhaus – ein kleines Wunder im Toggenburg

Im Herzen von Wildhaus verbirgt sich ein besonderer Ort der Fantasie: das Puppentheater Wildhaus.
Hier erzählen kunstvoll geführte Marionetten Geschichten voller Herz, Humor und Magie – für Kinder und Erwachsene gleichermassen.

Seit 1978 begeistert das engagierte Team mit liebevoll inszenierten Aufführungen, handgefertigten Figuren und einer unverwechselbaren Atmosphäre.
Am Mittwoch-Nachmittag gehört die Bühne den kleinen Gästen, am Mittwoch-Abend entführt das Ensemble Erwachsene in poetische und humorvolle Theaterwelten.

Ein Besuch im Puppentheater Wildhaus ist mehr als Unterhaltung – es ist ein Stück gelebte Kultur im Toggenburg, das Gross und Klein verzaubert.

👉 Tipp: Ideal für Familien, Gruppen und Kulturfreunde – ein unvergessliches Erlebnis für Ihren Aufenthalt in Wildhaus.;9.34543;47.20138;Rietli 182;9658;Wildhaus;+41 794686105;praesident@puppentheater-wildhaus.ch;https://www.puppentheater-wildhaus.ch/;[{'@type': 'ImageObject', 'contentUrl': 'https://ttpimtsoch.sos-ch-dk-2.exoscale-cdn.com/catalog/2/6/0/3/2603bfa261eab73b90260d73f0415afa17b8fe97_Zuschauer.jpg'}];2026-03-16T19:00:19+01:00
e3a0bafc-657d-4335-968a-a7b43857768d;Klangwelt Toggenburg;Das Toggenburg, in den Voralpen der Ostschweiz gelegen, ist geprägt von einer ursprünglichen Gesangs- und Musikkultur, welche in der einheimischen Bevölkerung stark verwurzelt ist.;Wir bieten einzigartige Erlebnisse in Klangkursen, auf dem Klangweg, bei Festivals und Konzerten, in der Klangschmiede und im Klanghaus am Schwendisee. Die qualitativ hochstehenden Angebote richten sich an Laien, Hobby-Musikanten, Berufsmusiker, Geniesser, Familien oder an Personen, die sich eine neue Klangwelt eröffnen möchten.

Der Klangweg
Klangwandern Sie auf dem einzigartigen Erlebnisweg!
Über 25 Klanginstallationen freuen sich entdeckt und bespielt zu werden.  Lassen Sie beim «Röhrophon» mit Flipflops eine Melodie ertönen, erleben Sie verschiedene Schellen- und Glockentöne bei der «Glockenbühne» oder bringen Sie Wasser durch Reibung zum Springen beim «Hüpfwasser». Die vielen Klanginstallationen bieten Spass für Gross und Klein. Der Klangweg erstreckt sich über mehrere Etappen von der Alp Sellamatt über Iltios bis ins Oberdorf und ist bequem mit den Bergbahnen erreichbar. Das perfekte Familienerlebnis wird von vielzähligen Grillstellen, Bergrestaurants, Spielplätzen und der unvergleichlich authentischen Bergidylle des Toggenburgs garantiert.

Die Klangschmiede
In der 2011 eröffneten Werkstatt und Geschäftsstelle der Klangwelt Toggenburg wird das Kunsthandwerk des Schmiedens von Schellen und anderen Klangkörpern gezeigt und vermittelt. Die Klangschmiede ist ein interaktives Erlebnishaus mit verschiedenen Themenräumen.

Tauchen Sie ein in die Themen Weltall, Fauna und Flora, Naturtonmusik und Brauchtum. Und erfahren Sie mehr über Klangphänomene oder Heilung durch Klang. Ausprobieren und Experimentieren ist ausdrücklich erwünscht.

Klangkurse
Tauchen Sie ein in die Klänge der Tradition, ins Heim- und Fernweh, in eine atemberaubende Lautsphäre zwischen den Churfirsten und dem Alpstein. Bekannte Musikpersönlichkeiten und hochkarätige Kursleitende bieten ein breites Angebot an Wissensvermittlung und Kulturerlebnis für neugierige Laien und anspruchsvolle Musiker.

Das Klangfestival
Seit 2004 treffen sich alle zwei Jahre Stimmen aus aller Welt am Klangfestival Toggenburg. Dann jeweils wird die Propstei in Alt St. Johann zum Epizentrum des Naturklangs. Hier, im Tal gelebter Tradition, treffen Musikerinnen und Musiker, Sängerinnen und Sänger aus nah und fern aufeinander.

An weiteren Konzerten über das Jahr verteilt haben verschiedenste Künstlerinnen und Künstler die Möglichkeit, im Toggenburg aufzutreten.

Das Klanghaus
Das Klanghaus wird ab Mai 2025 der wichtigste Ort der Klangwelt Toggenburg werden: ein einmaliger Anziehungspunkt inmitten der Natur für Proben, Aufnahmen, Kurse, für Forschung und Experiment, mit einer exzellenten Akustik und professionellen Aufnahmemöglichkeiten.;9.27900552749634;47.19344167004296;Sonnenhalbstrasse 22;9656;Alt St. Johann;+41 71 998 50 00;info@klangwelt.ch;http://www.klangwelt.ch;[{'@type': 'ImageObject', 'contentUrl': 'https://ttpimtsoch.sos-ch-dk-2.exoscale-cdn.com/catalog/7/e/0/0/7e007517f164f273de9b657d6b4f0d1b611e6a98_Klanghaus_Cover_1024_online.jpg'}];2026-01-09T13:37:50+01:00
e41bb8b9-a378-4806-8098-1c335f67a7cb;Kutschenfahrten Müller;Gerne führen wir für Sie während des ganzen Jahres Pferdefahrten durch.

Ausflugsfahrten für:
- Geburtstag
- Hochzeit
- Jubiläum
- als Geschenksidee;Willkommen bei Müllers Kutschenfahrten.

Erleben Sie die Schönheit von Wattwil, Ebnat-Kappel und Krummenau in exklusiver Atmosphäre. Wir bieten Kutschenfahrten für Gruppen jeder Grösse an. Rufen Sie uns an, wir beraten Sie gerne.;9.112739800000003;47.271621499999995;Stegrütistrasse 3;9642;Ebnat-Kappel;079 696 79 92;mueller.ebnat-k@thurweb.ch;[{'@type': 'ImageObject', 'contentUrl': 'https://ttpimtsoch.sos-ch-dk-2.exoscale-cdn.com/catalog/c/d/b/6/cdb65904949f63754258279b018b7c6dbaa1076f_IMG_0188.JPG'}];2026-02-17T10:35:50+01:00
e7e1cbf6-cfea-4409-8b44-caa572fc53ae;Klangspur powered by Foxtrail;Gehen Sie rund um Alt St. Johann auf die Spur des Fuchses.;<p>L&ouml;sen Sie knifflige und abwechslungsreiche R&auml;tsel auf der Klangspur durch Alt St. Johann. Beim rund einst&uuml;ndigen Abenteuer r&auml;tseln, knobeln und kombinieren Sie im Team und erleben &Uuml;berraschendes und Unerwartetes. Eine Schnitzeljagd, die Sie in bester Erinnerung behalten werden. Bitte buchen Sie einige Tage im Voraus online den Termin. Kurzfristige Buchungen k&ouml;nnen nicht garantiert werden und m&uuml;ssen telefonisch angefragt werden. Der Start ist in der Klangschmiede Alt St. Johann, Parkpl&auml;tze hinter der Raiffeisenbank (ca. 10 Minuten Fussweg).</p><p>&nbsp;</p><p>Auskunft zur Zug&auml;nglichkeit: <a href="https://www.ginto.guide/entries/b9e22bf0-8888-4917-9da4-ef803b686604?lnk_src=business" target="_blank" rel="noopener">ginto</a></p>;9.27897870540619;47.193419883716835;Sonnenhalbstrasse 22;9656;Alt St. Johann;+41 71 998 50 00;info@klangwelt.swiss;https://klangwelt.ch/angebote/gruppenangebote/klangspur-powered-by-foxtrail;[{'@type': 'ImageObject', 'contentUrl': 'https://ttpimtsoch.sos-ch-dk-2.exoscale-cdn.com/catalog/a/0/c/c/a0cc4df6c7a9291468013774cf534f023e03b6ed_Klangspur_Foxtrail_2_Gruppenangebot_Klangwelt_Toggenburg.jpg'}];2026-07-27T12:10:44+02:00
e80cbd4d-5e42-49d7-ad9f-ac2041630448;Grillplatz Ijental, Nesslau;Im Ijental, oberhalb Nesslau, befindet sich diese gut eingerichtete Feuerstelle. Sie liegt am Klimaerlebnisweg Toggenburg.;Die Feuerstelle nach Schweizer-Familie-Standard ist eine von schweizweit über 500, die sich bestens für die Wanderverpflegung aus dem Rucksack oder für einen Tagesausflug eignet. Sie ist mit zwei Grillrosten, verfügbarem Brennholz und Sitzgelegenheiten gut eingerichtet. Sie lässt sich in gut einer Stunde ab Bergstation Rietbach auf der Wolzenalp erreichen und befindet sich am Klimaerlebnisweg Toggenburg. Idyllisch bettet sie sich in die Moorlandschaft ein, lauschig an einem kleinen See gelegen.

Kinderwagentauglich: ja (von Nesslau via Schneit), Holz: ja, Trinkwasser: nein, WC: ja, Kapazität: ca. 20
;9.16873;47.20912;[{'@type': 'ImageObject', 'contentUrl': 'https://ttpimtsoch.sos-ch-dk-2.exoscale-cdn.com/catalog/a/a/e/5/aae5e3cb1af8d0b32a63c676bb61822c55e35bb4_DJI_0007.JPG'}];2025-10-09T13:21:44+02:00
e8e07bcd-fd33-4808-b13d-5b1112670214;Mehrzweckgebäude Chuchitobel;Die Mehrzweckanlage Chuchitobel in Wildhaus mit integrierter Bühne und grosser Küche bietet den idealen Raum für Seminare, Familienfeste, Generalversammlungen, Turnerunterhaltungen oder kulturelle Veranstaltungen.;9.351854324340822;47.204718948207436;Steintrütistrasse 2;9658;Wildhaus;+41 58 228 71 21;silvia.allmann@wildhaus-altstjohann.ch;[{'@type': 'ImageObject', 'contentUrl': 'https://ttpimtsoch.sos-ch-dk-2.exoscale-cdn.com/catalog/4/4/6/f/446fe689e707b3b7fcdb80e3bfeafc34dbbcacee_DSC00032.JPG'}];2026-08-07T12:09:17+02:00
ee5345f5-49eb-4638-96af-96b459ae6037;The Turbine Hums – Mirre Yayla Séur;Kunst am Fluss – Leuchtende Glasformen als sichtbare Energie im Raum.;<p>Beim Kraftwerk Krummenau macht Mirre Yayla S&eacute;ur das Zusammenspiel von Energie, Zeit und Ver&auml;nderung erlebbar: Uranglas-Skulpturen fangen Licht ein und reagieren auf UV-Strahlen, w&auml;hrend subtil erg&auml;nzte Lichtinterventionen die Struktur des Kraftwerks, die Felsen und das Wasser in ein neues Licht r&uuml;cken &ndash; ein stiller Dialog zwischen Natur und Technik.</p>;9.164778;47.249250;Trempel;9643;Krummenau;+41 71 999 99 11;info@toggenburg.swiss;https://thurundneckerweg.ch;[{'@type': 'ImageObject', 'contentUrl': 'https://ttpimtsoch.sos-ch-dk-2.exoscale-cdn.com/catalog/e/3/5/6/e356e1b677db9375652e775ae83ded9424c1270d_HST_3153.jpg'}];2026-05-12T20:32:52+02:00
f0dc78df-b70a-4a58-9049-bece1ed96897;Grillplatz Stropfgarten;Die herrliche Grillstelle auf dem Chnobelweg lädt zum Verweilen ein. ;Auf dem letzten Drittel vom Chnobelweg Bächli ist der Platz mitten im Wald und gut geschützt vor der Sonne zu finden.

Ein grosser Tisch mit zwei Bänken, eine grosse Grillstelle mit Rost und Holz stehen zur Verfügung. 

Eine perfekter Ort um sich zu stärken, damit die letzten Rätsel mit "Chnobeln" schnell gelöst sind. ;9.203084;47.313843;9633 Hemberg (Bächli);info@hemberg-tourismus.ch;https://hemberg-tourismus.ch/;[{'@type': 'ImageObject', 'contentUrl': 'https://ttpimtsoch.sos-ch-dk-2.exoscale-cdn.com/catalog/0/0/d/2/00d26e1634f5ef21456520325225c7db2f3745d6_Grill_Stropfgarten_Knobelweg2.jpg', 'caption': {'de': 'Grillstelle Stropfgarten'}}];2025-10-09T13:15:06+02:00
f56f2ac6-bf2e-4d02-83a3-810fc3d576e6;Klanghaus Toggenburg;Das Klanghaus Toggenburg ist ein Ort, an dem Architektur, Klang und Natur in einem einzigartigen Zusammenspiel erfahrbar werden.;<p>Die R&auml;ume des Klanghauses sind wie ein Instrument gebaut und bieten den Besuchenden die M&ouml;glichkeit, den Klang und seine Resonanzen auf besondere Weise zu erleben. Zwei Aussenb&uuml;hnen laden zu Konzerten und Musikexperimenten unter freiem Himmel am Schwendisee ein. Mit seiner einzigartigen Akustik wird das Klanghaus sowohl Besucherinnen und Besucher als auch Musizierende aus nah und fern begeistern und als Ort f&uuml;r Konzerte, Kurse, Proben, Workshops.</p><p><br><strong>&Ouml;ffnungszeiten&nbsp;</strong><br>Die &Ouml;ffnungszeiten des Klanghauses richten sich nach dem Programm und den verschiedenen Veranstaltungen.</p><p><strong>Das Klanghaus erleben</strong><br>Das Klanghaus ist im Rahmen von F&uuml;hrungen, Konzerten und Kursen zug&auml;nglich. Der Besuch im Innenbereich ist in der Regel an eine Teilnahme an diesen Angeboten gebunden. F&uuml;hrungen &ndash; das zentrale Erlebnis Das Klanghaus aus n&auml;chster N&auml;he entdecken</p><p>&bull; &Ouml;ffentliche F&uuml;hrungen finden jeweils am Sonntagnachmittag statt <br>&bull; Begrenzte Teilnehmendenzahl (25 Personen) f&uuml;r ein intensives Erlebnis <br>&bull; Voranmeldung empfohlen, da die Pl&auml;tze schnell ausgebucht sind</p><p><strong>Spontan vorbeischauen</strong> <br>Auch ohne F&uuml;hrung lohnt sich ein Besuch: Das Klanghaus ist wundersch&ouml;n in die Landschaft eingebettet und kann von aussen frei besichtigt werden &ndash; ideal f&uuml;r einen Spaziergang.</p>;9.3353568;47.1956423;Vordere Schwendistrasse 61;9657;Unterwasser;+41 71 998 50 00;info@klangwelt.ch;https://klangwelt.ch;[{'@type': 'ImageObject', 'contentUrl': 'https://ttpimtsoch.sos-ch-dk-2.exoscale-cdn.com/catalog/d/1/3/e/d13e6df42c4dea304b35f7c9d2730553aa7552e6_KWT_Klanghaus_Cover_1024_small.jpg'}];2026-07-27T12:00:03+02:00
faa680df-0fea-4c3d-a965-2282b75176bf;Kalberhalle Lichtensteig;Die Kalberhalle, mitten im Herzen der Mini.Stadt Lichtensteig, eignet sich mit ihrem besonderen Charme perfekt für Ausstellungen, Konzerte, Seminare, Apéros oder als Sitzungszimmer.;Bereits 1469 hatte Abt Ulrich Rösch an der Stelle des heutigen Rathauses ein Kornhaus errichtet. 200 Jahre später wurde dieses abgebrochen. Auf dem gleichen Areal - am Abschluss der oberen Hauptgasse - entstand 1682 bis 1692 die Landvogtei, wobei die Parterreräume auch weiterhin dem Kornmarkt dienten. 1810 wurde die Landvogtei katholisches Pfarr- und Schulhaus. Nach dem Bau der neuen paritätischen Kirche 1868 und dem darauf erfolgen Domizilwechsel des Pfarrers verlegte die Stadtverwaltung ihren Sitz vom "Alten Rathaus" an der Hintergasse hierher. Mit dem Verkauf an die politische Gemeinde 1868 und der Funktionsänderung fanden wiederum entscheidende Umgestaltungen statt. So hatte u.a. der Kornmarkt dem Kälbermarkt Platz zu machen, und im ersten Stock entstand eine Wirtschaft. 1952 kam es erneut zu einer Renovation. Dabei wurde der auf der westlichen Seite des Rathauses gelegene "Freihof", eines der ältesten Häuser Lichtensteigs, abgebrochen und eine neue Markthalle erstellt. Bei dieser Gelegenheit wurde auf der Nordseite die steinerne Freitreppe erbaut, die seither in das 1. Obergeschoss führt. 

2017 wurde die Kalberhalle einer umfassenden Sanierung unterzogen, so dass sie heute als attraktiver Veranstaltungsort mit besonderem Charme angeboten werden kann.;9.087125658988954;47.32346100957683;Hauptgasse 12;9620;Lichtensteig;+41 58 228 23 92;info@lichtensteig.sg.ch;https://www.kalberhalle.ch/;[{'@type': 'ImageObject', 'contentUrl': 'https://ttpimtsoch.sos-ch-dk-2.exoscale-cdn.com/catalog/8/7/b/e/87be84cc0a849e32f3b0ad189b4a8a58afd72f47_aussenansicht.jpg'}];2026-01-30T01:11:57+01:00
