id;name;disambiguatingDescription;description;longitude;latitude;streetAddress;postalCode;addressLocality;telephone;email;url;image;dateModified0b871e64-ea28-4ed3-950d-752a56ed1d38;Architektur-Führungen durch das Klanghaus & Resonanzzentrum Peter Roth;Diese Architekturführung zeigt zwei herausragende Holzbauten von Graber Pulver und Staufer & Hasler, die Ästhetik, Akustik und Handwerk vereinen und Klang, Raum und Resonanz eindrücklich verbinden.;<p>Die F&uuml;hrung beginnt im Resonanzzentrum Peter Roth, einem Bauwerk, das mit klaren Formen, offener Holzkonstruktion und pr&auml;zise geplanten R&auml;umen die Verbindung von Architektur und Raumresonanz eindr&uuml;cklich sichtbar macht. Anschliessend betreten wir das Klanghaus, ein begehbares Instrument, dessen architektonische Gestaltung und strukturelle Details &ndash; inklusive individuell einstellbarer Klanginstallationen in den Doppelw&auml;nden &ndash; Raum, Proportion und Material in ein einzigartiges Erlebnis von Volumen und Atmosph&auml;re verwandeln. - Einf&uuml;hrung in die architektonische Vision der beiden H&auml;user - Erkundung des Resonanzzentrums &ndash; Raum, Resonanz und Architektur - Wechsel zum Klanghaus &ndash; ein begehbares Instrument - Besondere architektonische Details und deren Wirkung erleben.</p>;9.32976370061891;47.19040528975832;Vordere Schwendistrasse 61;9657;Unterwasser;+41 71 998 50 00;info@klangwelt.ch;https://klangwelt.ch;[{'@type': 'ImageObject', 'contentUrl': 'https://ttpimtsoch.sos-ch-dk-2.exoscale-cdn.com/catalog/b/1/c/7/b1c7d90169cad08e44bfd70ab0a2f1c88c9fee94_sh_klanghaus_25_87920_web__4.jpg'}];2026-07-27T12:01:37+02:00
1b854f64-ef00-4655-9651-2bb7b442775d;Line Dance Kurs für Feriengäste;Line Dance Kurs  im Hotel Sternen in Unterwasser für Anfänger jeder Altersklasse.
Gemeinsam neue Schritte einüben. Humorvoll und mit Begeisterung Schritt für Schritt den neuen Tanz erlernen.;Mit viel Freude lernen wir einfache Tänze, welche Sie dann auch zu Hause beim nächsten Line Dance Event anwenden können. Einfach in die Linie stehen, mitmachen und dazu gehören.
Inkludierte Leistungen: Line Dance Instruktionen Infos zu Dancesheets und Musik

Teilnehmer: 5 bis 20 Personen
Anmeldung erforderlich (bis zwei Tage vorher) unter: www.crazy-chicken-toggenburg.ch

Erwachsene: CHF 20.00  
Kinder: CHF 7.00
Gruppenpreis für 10 Personen: CHF 180.00
Gruppenpreis für 20 Personen: CHF 350.00


Wichtig: Termin nach Vereinbarung, Kinder nur in Begleitung von Erwachsenen, Barzahlung vor Kursbeginn, Getränke sind am Büffet des Austragungsortes zu beziehen. Mitgebrachte Getränke sind nicht erlaubt.
Bitte bequeme Schuhe (mit Ledersohlen) und geeignete Kleidung tragen.;9.3111429;47.19712425;Dorfstrasse 29;9657;Unterwasser;+41719993015;jacqueline-grunder@bluewin.ch;http://www.crazy-chicken-toggenburg.ch;[{'@type': 'ImageObject', 'contentUrl': 'https://ttpimtsoch.sos-ch-dk-2.exoscale-cdn.com/catalog/f/4/d/7/f4d7ece8e352402430f2f8bb36b2d62e7860ae97_IMG_2695.jpg'}];2026-05-04T12:02:51+02:00
2451788a-dcf7-450f-8f01-a75c90ff8636;Klangvolle Gruppenerlebnisse;In der Klangwelt Toggenburg werden Gruppenerlebnisse gefunden und nicht gesucht. Lassen Sie sich inspirieren, buchen Sie ein Erlebnis für Ihre Firma, Ihre Familie oder Ihren Verein und machen Sie eine unvergessliche Erfahrung.;Erlebt die alte Handwerkskunst des Schmiedens und schmiedet eure eigenen Klangschalen, Grillspiesse oder Fonduegabeln. Oder erlebt eine Führung durch die Klangschmiede bei der ihr Spannendes über die Entstehung von Klang und Resonanz erfahrt. Auch ein Einblick in die Alp- und Klangkultur der Churfirstenregion ist möglich bei einem einstündigen Naturjodel-Schnupperkurs. Und wenn ihr lieber musiziert statt singt, dann ist vielleicht eine Stubete das Richtige für euch.

Kombinationen von einzelnen Angeboten sind ebenfalls möglich. Auch Erlebnisse mit Partnern wie dem Baumwipfelpfad Mogelsberg, der ChääsWelt Toggenburg oder Huskystuff bieten wir an. 

Gerne beraten wir Sie ausführlich und begleiten auf dem Weg zu erinnerungswürdigen Momenten im Toggenburg.;9.27897870540619;47.193419883716835;Sonnenhalbstrasse 22;9656;Alt St. Johann;+41 71 998 50 00;info@klangwelt.ch;https://klangwelt.ch/angebote/gruppenangebote;[{'@type': 'ImageObject', 'contentUrl': 'https://ttpimtsoch.sos-ch-dk-2.exoscale-cdn.com/catalog/9/7/f/8/97f8c6af618bea76d600400b31306d3187647448_Voralpenexpress_CF790954.jpg'}];2026-07-27T12:10:44+02:00
2602b59f-1a90-4a2b-a11a-1667269c44e1;Lars Lusti - Bergführer Aspirant ;Ob Sommer oder Winter, Selun Südwand oder Pulverschneeabfahrt vom Säntis. 
Am wohlsten fühle ich mich an einsamen Felswänden, in unverspurtem Pulverschnee und auf sonnigen Gipfeln, zusammen mit meinen Gästen. 
Ich biete auch über das ganze Jahr hinweg Kurse in Lawinenkunde, Skitechnik, Klettern oder Hochtouren an.  

Egal ob zuhause im Toggenburg oder auf den hohen Bergen der Alpen, bei mir stehts du und das Tun im Moment im Mittelpunkt! Gerne begleite ich dich professionell und sicher auf dem Weg zu deinem ganz persönlichem Bergerlebnis.

Wenn auch du die Berge Kletternd oder im frischen Schnee erleben möchtest, melde dich gerne bei mir.;9.282674789428713;47.19778920665066;Berg 470;9654;Alt St. Johann;077 484 07 51;lars@zuestoll.ch;[{'@type': 'ImageObject', 'contentUrl': 'https://ttpimtsoch.sos-ch-dk-2.exoscale-cdn.com/catalog/8/3/5/e/835ee9efc51c6b51a0ffd7e4fbfe82a8fa79f214_IMG_2379.jpg'}];2026-04-28T19:33:33+02:00
2db36e8d-5be7-456d-b19e-610133108900;Betriebsbesichtigung Morga AG;Im Fabrikladen der Morga in Ebnat-Kappel liegt Ihnen die Welt der gesunden Ernährung zu Füssen. Begeben Sie sich auf die kulinarische Weltreise, lassen Sie sich inspirieren und beraten.;<p>Im Fabrikladen der Morga in Ebnat-Kappel liegt Ihnen die Welt der gesunden Ern&auml;hrung zu F&uuml;ssen. Begeben Sie sich auf die kulinarische Weltreise, lassen Sie sich inspirieren und beraten. #superfood #powerfood #toggifood <br>Dauer: ca. 90 - 120 Minuten. Durchf&uuml;hrung findet zwischen 09.00 - 12.00 Uhr oder 13.30 - 18.00 Uhr ab mindestens 5 bis maximal 30 Personen statt. <br>Die genaue Zeit f&uuml;r die Durchf&uuml;hrung wird zwischen den Teilnehmern und dem Anbieter vereinbart. <br>Wichtig: Ihre Buchung ist erst definitiv, wenn diese von der Morga best&auml;tigt ist. <br>Die Betriebsbesichtigung kostet pauschal CHF 200.00 (nur direkt buchbar bei der Morga). Ab 20 Personen kostet jede weitere Person CHF 10.00. <br>Treffpunkt: Morga AG, Kappelerstrasse 60, 9642 Ebnat-Kappel</p>;9.11596;47.26966;Kappelerstrasse 60;9642;Ebnat-Kappel;071 992 60 40;info@morga.ch;http://www.morga.ch;[{'@type': 'ImageObject', 'contentUrl': 'https://ttpimtsoch.sos-ch-dk-2.exoscale-cdn.com/catalog/5/1/5/4/5154476ac69c44cba264072b64307344fa4079db_Bild_Morga_AG.jpg'}];2026-07-30T09:46:07+02:00
35490672-472e-4c13-bde6-afc9b62d0218;barbarakraut - Barbara Aebli;Tauchen Sie ein in die Welt der Kräuter. 
In meinem Bio-Garten wachsen seltene Gemüsesorten bunt durchmischt mit Kräutern und Wildkräutern. Ein kleines grosses Reich, mit dem uns die Natur beschenkt.;Unzählige Pflanzen begleiten uns täglich auf unseren Wegen beim Arbeiten und in der Freizeit.  Ihre Kräfte als Nahrungs- oder Heilmittel schätze ich immer wieder neu und ich spüre die Energie, die sie mir geben. Ich ernte die Wildpflanzen und Kräuter nur an ungedüngten Plätzen. Die meisten Pflanzen kommen zu uns, wachsen vor unserer Haustür, weil wir sie brauchen. Für die Verarbeitung verwende ich frische oder fachgerecht getrocknete Kräuter. Zusammen mit qualitativ hochwertigen Zutaten entstehen schmackhafte Erzeugnisse für die Küche und den Genuss oder natürliche Pflegeprodukte für den ganzen Körper.

Der Walnussbaum, unsere grösste Heilpflanze im Garten, spendet im Sommer wohltuenden Schatten und im Herbst eine Menge Walnüsse, die ich zu verschiedenen Produkten verarbeite und die über meine Webseite bestellt werden können. 
 
Seit September 2013 biete ich in unserem Zuhause - im alten Schulhaus in Ebersol - verschiedene Kurse zum Thema Kräuter an.

Erleben Sie den die Welt der Kräuter in einem Rundgang durch meinen Garten oder in Feld und Flur. Geniessen Sie anschliessend einen kreativen Kräuterapéro. Oder lassen Sie sich an einem Abend im gemütlichen Schulzimmer von meiner Kräuterküche mit einem 5-Gang Menü verwöhnen und lauschen zwischen den Gängen den Zauberklangfolgen vom bekannten Toggenburger Musiker und Komponisten, Peter Roth. Gemeinsam erzählen wir Ihnen über die Verbindung von Pflanzen und Klang. 

Tauchen Sie ein in meine Welt der Kräuter. Ich freue mich über Ihre Kontaktaufnahme.;9.152184883402377;47.349754149999995;Ebersolerstrasse 70;9122;Ebersol;+41 71 374 16 35;aebli@barbarakraut.ch;https://www.barbarakraut.ch;[{'@type': 'ImageObject', 'contentUrl': 'https://ttpimtsoch.sos-ch-dk-2.exoscale-cdn.com/catalog/c/8/8/d/c88d26a3be9306138a1b2164ab2cbd4be600f812_Bild1.jpg'}];2026-05-04T12:02:50+02:00
38ab0c41-cc9f-41ab-a474-0f1a6a942114;Wanderleiter-Martin - Wanderleiter mit eidg. FA;Wanderleiter mit eidg. Fachausweis. 
Professionell geführte Schneeschuhtouren und Wanderungen in der Bergwelt des Toggenburgs und der angrenzenden Regionen. Entdecken Sie in kleinen Gruppen die Natur und Kultur meiner Heimat.;Schneeschuhwandern im Toggenburg entschleunigt.
Abseits vom Trubel der Wintersportgebiete ziehen wir unsere Schneeschuhspur über verschneite Alpweiden durch die Bergwelt. 

Unsere Tages- und Abend-Schneeschuhtouren sowie Schneeschuhwochenenden sind auch für Einsteiger*innen geeignet. Feste Durchführungsdaten für Individualreisende gemäss Kalender.

Schneeschuhlaufen als aktive Abwechslung nach einem intensiven Seminartag oder eine Mondschein-Schneeschuhtour für Ihren nächsten Team-Event, wir freuen uns auf Ihre Anfrage für ein individuelles Angebot.

Gerne organisieren und führen wir massgeschneiderte Schneeschuhwanderungen für Einzelpersonen, Gruppen und Firmen durch.;9.338464736938478;47.200949287182745;Kerbelstrasse 18;9470;Buchs SG;+41 79 776 16 50;info@wanderleiter-martin.ch;https://www.wanderleiter-martin.ch;[{'@type': 'ImageObject', 'contentUrl': 'https://ttpimtsoch.sos-ch-dk-2.exoscale-cdn.com/catalog/c/2/e/3/c2e3877a2d9599ee5be06cce5d48c3088afc3bbb_Wanderleiter_Martin_Gabathuler.jpeg'}];2026-04-28T19:33:27+02:00
3a2f7fee-4676-4e94-8f9b-d60a4e61e7ba;Fondue- und Gesellschaftsfahrten;Mit 2 oder 4 PS übers Land...;Geniessen Sie mit Ihrer Familie, Ihren Freunden, Vereinskollegen, Geschäftspartnern usw. eine gemütliche Kutschenfahrt im Gesellschaftswagen oder im eleganten Glaslandauer.

Die pferdebegeisterte Familie Schönenberger aus Mosnang bietet verschiedene Kutschenfahrten an. Ein besonderes Erlebnis ist die Ausfahrt im gemütlichen Fonduewagen mit einem feinen Käsefondue von der Käserei Kaufmann, Mosnang. Bei schneebedeckten Strassen wird der Wagen durch einen grossen Schlitten ersetzt. 

Die Pferde im Stall Schönenberger werden geritten, gefahren und longiert. Sie nächtigen in grosszügigen Boxen und geniessen ihren täglichen Auslauf auf dem Allwetterplatz oder der Weide. Diese Kombination und Abwechslung macht sie zu äusserst zuverlässigen, ausgeglichenen und motivierten Partnern für den Kutscher und für die Gäste im Strassenverkehr, im Gelände und an diversen Veranstaltungen.;9.04088;47.36303;Unterdorf 10;9607;Mosnang;+41 71 983 26 31;info@kutschenhochzeit.ch;http://www.kutschenhochzeit.ch;[{'@type': 'ImageObject', 'contentUrl': 'https://ttpimtsoch.sos-ch-dk-2.exoscale-cdn.com/catalog/a/5/7/d/a57d86b70a51b6bfd65531e2dbdd03fee6e5ad54_Bild1.jpg'}];2026-04-28T19:33:26+02:00
3e4d00d6-f71b-4061-be84-ba1dd119b913;FoodTrail Toggenburg;Die genussvolle Schnitzeljagd der ChääsWelt Toggenburg verbindet spannende Rätsel mit kulinarischen Köstlichkeiten und lädt dazu ein, die Region mit Genuss zu entdecken.;Auf dem FoodTrail rätseln sich die Teilnehmerinnen und Teilnehmer von Stopp zu Stopp. An jedem Stopp gibt es eine lokale Spezialität zu entdecken und geniessen. Dabei erfahren sie nicht nur die Hintergründe zu den Köstlichkeiten, sondern auch Spannendes über die Ferienregion Toggenburg und ihre Sehenswürdigkeiten - die auf der genussvollen Wanderung natürlich entdeckt werden können. FoodTrails gibt es bereits in vielen Städten und Regionen in der Schweiz – und nun auch im Toggenburg.;9.090626373690473;47.3015527;Ebnaterstrasse 19;9630;Wattwil;+41 71 552 00 09;info@chaeswelt.ch;https://chaeswelt.ch/de/;[{'@type': 'ImageObject', 'contentUrl': 'https://ttpimtsoch.sos-ch-dk-2.exoscale-cdn.com/catalog/e/a/e/8/eae857da24aa0bf6d671a54bc96505681d03cc41_20210808_FoodTrail_154.jpg'}];2026-04-28T19:33:28+02:00
5c7c9ff2-e7cf-4ff1-9636-6949411cd788;Über Nachtwächter und Brunnenmeister;Auf diesem Rundgang durch Lichtensteig hören Sie vom spannenden Leben und Wirken der Nachtwächter und Brunnenmeister. ;<p>Im Mittelalter hatten Nachtw&auml;chter (T&uuml;rmer) und Brunnenmeister eine zentrale Bedeutung f&uuml;r das Leben in St&auml;dten und Gemeinden. Ihre Aufgaben trugen ma&szlig;geblich dazu bei, Ordnung, Sicherheit und die Versorgung der Bev&ouml;lkerung zu gew&auml;hrleisten. Diese beiden Berufe waren essenziell f&uuml;r die mittelalterliche, sp&auml;t-mittelalterliche und neuzeitliche Gesellschaft. Sie symbolisieren nicht nur die Organisation des st&auml;dtischen Lebens, sondern auch den fr&uuml;hen Versuch, Gefahren systematisch zu begegnen.</p><p><strong>Ap&eacute;ro<br></strong>Zur stimmigen Abrundung kommt ein feiner Ap&eacute;ro vor oder nach der F&uuml;hrung sehr gut an - unser Spezialangebot f&uuml;r St&auml;dtlif&uuml;hrungsgruppen finden Sie&nbsp; <a href="https://toggenburg.swiss/files/_OpenFrontend/websites/toggenburg.swiss/objects/pdf_download/ap%C3%A9ro_angebote_lichtensteig.pdf" target="_blank" rel="noopener">hier.</a>&nbsp;</p>;9.08723294734955;47.32356333889576;9620;Lichtensteig;[{'@type': 'ImageObject', 'contentUrl': 'https://ttpimtsoch.sos-ch-dk-2.exoscale-cdn.com/catalog/1/3/0/3/1303ce6fa48f539f8187c40d36f8f94be733e1cf_02_Wakkerpreis_2023_Lichtensteig.jpg'}];2026-03-20T16:24:17+01:00
5e9f9531-b062-41aa-b3b3-2250f4492697;Brunnengeschichten;Hören Sie auf diesem Rundgang durch Lichtensteig, wieso der Brunnen weit mehr als nur der Versorgung mit Wasser diente.;<p>So passte der Brunnenh&uuml;ter auf, dass niemand das &laquo;Wasser beschisse und unsauber mache&raquo;. Die Waschweiber sollten ihre Arbeiten im Sudelbrunnen besorgen. Die Metzger waren an den &laquo;Metzgibrunnen&raquo; gewiesen. Bei den Brunnen wurde &laquo;getratscht&raquo; und man traf sich f&uuml;r den Austausch von Neuigkeiten.<br>Die Sorge f&uuml;r ausreichendes und sauberes Wasser geh&ouml;rte zu allen Zeiten zu den elementaren Anliegen. Die &ouml;ffentlichen Brunnen Lichtensteigs waren bis weit ins 19. Jahrhundert hinein die einzige Quelle f&uuml;r den Hausgebrauch und spielten f&uuml;r den t&auml;glichen Wasserbedarf der Bev&ouml;lkerung eine zentrale Rolle. Erst mit dem Bauplan von 1879 und der anschliessenden Realisierung erhielt Lichtensteig und dessen Umgebung eine moderne Wasserversorg mit Reservoir und Leitungsnetz.</p><p><strong>Ap&eacute;ro<br></strong>Zur stimmigen Abrundung kommt ein feiner Ap&eacute;ro vor oder nach der F&uuml;hrung sehr gut an - unser Spezialangebot f&uuml;r St&auml;dtlif&uuml;hrungsgruppen finden Sie&nbsp; <a href="https://toggenburg.swiss/files/_OpenFrontend/websites/toggenburg.swiss/objects/pdf_download/ap%C3%A9ro_angebote_lichtensteig.pdf" target="_blank" rel="noopener">hier.</a>&nbsp;</p>;9.08724367618561;47.32352333434362;9620;Lichtensteig;[{'@type': 'ImageObject', 'contentUrl': 'https://ttpimtsoch.sos-ch-dk-2.exoscale-cdn.com/catalog/4/3/c/4/43c48bf5323f780b77b6e1dab85075d947cf09c0_Brunnen.jpg'}];2026-03-20T16:24:17+01:00
73fe0eb3-fefe-4765-ab9d-03737908bb47;Klangkurse;Tauchen Sie ein in die Klänge der Tradition, ins Heim- und Fernweh, in eine beeindruckende Lautsphäre zwischen den Churfirsten und dem Alpstein. Bekannte Musikpersönlichkeiten und hochkarätige Kursleitende bieten ein breites Angebot an Wissensvermittlung und Kulturerlebnis.;Die Klangwelt Toggenburg, angesiedelt zwischen Alt St. Johann und dem Schwendisee, veranstaltet ihre Kurse nun hauptsächlich im neuen Klanghaus und in der Klangschmiede. Jährlich gibt es über 90 Kurse, die entlang der Themenbereiche «Jodeln», «Handwerk & Brauchtum», «Instrumental», «Universum Stimme», «Schwingung & Resonanz» und «Klangökologie» angeboten werden. Eine Besonderheit sind die neu eingeführten Thementage, die tiefere Einblicke in diverse Klangwelten, Kulturen und Musikstile ermöglichen. Das vielseitige Angebot umfasst Workshops, Konzerte, Vorträge, Diskussionsrunden und interaktive Elemente.;9.2789903;47.1934306;Sonnenhalbstrasse 22;9656;Alt St. Johann;+41 71 998 50 00;info@klangwelt.ch;https://klangwelt.ch/angebote/kalender#kurse;[{'@type': 'ImageObject', 'contentUrl': 'https://ttpimtsoch.sos-ch-dk-2.exoscale-cdn.com/catalog/3/d/f/6/3df6912e1ff9f47a1ed1d191eb807c0ad2992341_Bu__chel_und_wandern_03__2.JPG'}];2026-07-27T12:10:44+02:00
7b00a0d7-9699-4d89-aa29-4dfa3ed8cd5a;Kinderführung: Besuch im "Städtlizoo" ;In Lichtensteig gibt es viel Tierisches zu entdecken. Gehen Sie auf dieser Familienführung zusammen mit dem Städtliguide auf Spurensuche.;<p>Auf dem kurzweiligen Spaziergang durch die Gassen der Altstadt werden immer wieder Tiere entdeckt. Der St&auml;dtliguide weiss, wo sie sich verstecken und kann einiges &uuml;ber die gefundenen Tiere berichten.&nbsp;</p><p><strong>Ap&eacute;ro<br></strong>Zur stimmigen Abrundung kommt ein feiner Ap&eacute;ro vor oder nach der F&uuml;hrung sehr gut an - unser Spezialangebot f&uuml;r St&auml;dtlif&uuml;hrungsgruppen finden Sie&nbsp; <a href="https://toggenburg.swiss/files/_OpenFrontend/websites/toggenburg.swiss/objects/pdf_download/ap%C3%A9ro_angebote_lichtensteig.pdf" target="_blank" rel="noopener">hier.</a>&nbsp;</p>;9.08722758293152;47.323479692979454;9620;Lichtensteig;[{'@type': 'ImageObject', 'contentUrl': 'https://ttpimtsoch.sos-ch-dk-2.exoscale-cdn.com/catalog/d/3/f/8/d3f8d62d71b15b89a243cb9c94341c4a691550bf_Sascha_Erni___Lo__wen_1.jpeg'}];2026-03-20T16:24:17+01:00
89aed585-1b17-4d4a-96b0-e003bc3d2949;Die Grafen von Toggenburg und ihre neue Burg ob der Wasserfluh;Geführte Wanderung von der Wasserfluh zur Burgruine der Neu-Toggenburg oberhalb der Mini.Stadt Lichtensteig.;<p>Auf der Wanderung von der Wasserfluh zur Burgruine der Neu-Toggenburg erz&auml;hlt der Guide die spannende Geschichte der Grafen von Toggenburg und f&uuml;hrt Sie in die geheimnisvollen Hintergr&uuml;nde und Herausforderungen beim Bau der Burg ein.</p><p>Treffpunkt: Passh&ouml;he Wasserfluh</p><p><strong>Ap&eacute;ro<br></strong>Zur stimmigen Abrundung kommt ein feiner Ap&eacute;ro vor oder nach der F&uuml;hrung sehr gut an - unser Spezialangebot f&uuml;r St&auml;dtlif&uuml;hrungsgruppen finden Sie&nbsp; <a href="https://toggenburg.swiss/files/_OpenFrontend/websites/toggenburg.swiss/objects/pdf_download/ap%C3%A9ro_angebote_lichtensteig.pdf" target="_blank" rel="noopener">hier.</a>&nbsp;</p>;9.1131384;47.3255794;9620;Lichtensteig;[{'@type': 'ImageObject', 'contentUrl': 'https://ttpimtsoch.sos-ch-dk-2.exoscale-cdn.com/catalog/2/1/a/5/21a5eba724dcbf87cedd221a7a39ad6dc3ad629c_Neutoggenburg.webp'}];2026-03-20T16:24:17+01:00
8d4b7081-e500-457f-bff2-5a23cfb3e982;In der Fonduekutsche;Gourmetfahrt mit zwei PS. Man nehme hierfür eine Pferdekutsche, ein rassiges Fondue, lüpfige Ländlermusik und eine sympathische Bauernfamilie aus dem Toggenburg.;<p>W&auml;hrend Sie von Sandro Scherrer gem&uuml;tlich im geheizten und &uuml;berdachten Wagen durchs Toggenburg kutschiert werden, geniessen Sie ein rassiges Fondue &agrave; la Ida &ndash; ein Geheimrezept der B&auml;uerin. Die vorbeiziehende Landschaft schm&uuml;ckt die grossen Panoramafenster und l&uuml;pfige L&auml;ndlermusik sorgt f&uuml;r gute Stimmung. Eine gesellige Fahrt mit einer guten Prise figugegl. Denn, Fondue isch guet und git e gueti Luune.</p><p>&nbsp;<br>Familie Scherrer bietet &uuml;brigens noch weitere Kutschenfahrten an. Informieren Sie sich zum Beispiel &uuml;ber die Grillfahrten von Mai bis September. Dauer: 1:45 Stunden Durchf&uuml;hrung: T&auml;glich zwischen 09.00 - 20.00 Uhr (Abfahrtszeiten) ab mindestens 6 bis maximal 50 Personen. Die genaue Zeit f&uuml;r die Durchf&uuml;hrung wird zwischen den Teilnehmern und dem Anbieter vereinbart. Preis: - CHF 48.&ndash; f&uuml;r Erwachsene inkl. Fondue und alkoholfreie Getr&auml;nke* - CHF 10.&ndash; bis CHF 39.&ndash; f&uuml;r Kinder (je nach Alter) inkl. Fondue und alkoholfreie Getr&auml;nke* * Tee, Punsch und Kaffee sind inbegriffen. Mineralwasser, Bier, Wein, Kirsch und Appenzeller sind zus&auml;tzlich zu bezahlen.</p><p>&nbsp;<br>Treffpunkt: Bahnhof B&uuml;tschwil</p>;9.07472;47.35955;Eichli 680;9615;Dietfurt;071 983 18 24;kutschenfahrten-scherrer@bluewin.ch;http://www.kutschenfahrten-scherrer.ch;[{'@type': 'ImageObject', 'contentUrl': 'https://ttpimtsoch.sos-ch-dk-2.exoscale-cdn.com/catalog/6/8/8/0/688022064cb93c88e754c2cb89146b8078b27b4f_Sandro_und_Ida_Scherrer_600x450.jpg'}];2026-07-17T09:40:06+02:00
8f5e1f94-1e42-48f2-a918-5e4dc03daa14;Der private Extrawurst-Kurs;Planen Sie einen unvergesslichen Firmen- oder Vereinsevent? ;<p>Dann ist ein Extrawurst-Kurs beim Toggenburger Metzgermeister Philipp Metzger ideal. In zwei Stunden stellen Sie und Ihre Gäste zwei, drei Extrawürste her. Den Termin und die Gruppengrösse wählen Sie frei. Metzgermeister Philipp Metzger unterstützt Sie bei der Planung. Auf Wunsch grillieren Sie anschliessend auf der Metzgerei-Terrasse.</p>;Hauptstrasse 11;9650;Nesslau; +41 71 994 18 16;info@extrawuerste.ch;https://www.extrawuerste.ch/kursangebot;[{'@type': 'ImageObject', 'contentUrl': 'https://ttpimtsoch.sos-ch-dk-2.exoscale-cdn.com/catalog/0/e/3/6/0e3651829109c4947f817efa226ecd7eebd2d037_Metzger_Metzger_Foto4.jpeg'}];2026-04-28T19:33:18+02:00
921bb32a-8ac5-46df-8420-b9f06efe647e;Auf Frauenspuren im Toggenburg;Wie haben Frauen früher im Toggenburg gelebt? Und was haben Sie bewirkt? Auf diesem Rundgang durch Lichtensteig erzählt Ihnen die Städtliführer:in von starken Frauen aus dem Toggenburg. ;<p>Eine Zeitreise durch die Geschichte von Frauen aus dem Toggenburg zeigt, welche beeindruckende Spuren sie hinterlassen haben. Trotz grossen Herausforderungen, begrenzten Ressourcen und gesellschaftlichen Einschr&auml;nkungen waren sie mutige Wegbereiterinnen: Mit bewundernswerter Kreativit&auml;t und Entschlossenheit pr&auml;gten sie den Alltag.&nbsp;<br>In vielen F&auml;llen &uuml;bten die Frauen auch einen starken Einfluss auf die kulturelle Identit&auml;t der Region aus. Sie pflegten Traditionen, bewahrten das kulturelle Erbe und trugen dazu bei, dass die Geschichte und die Werte der Gemeinschaft weitergegeben wurden.&nbsp;<br>Der/die St&auml;dtliguide erz&auml;hlt auf dieser Themenf&uuml;hrung durch die Gassen von Lichtensteig von Frauen zwischen dem 17. bis anfangs des 20. Jahrhunderts.</p><p><strong>Ap&eacute;ro<br></strong>Zur stimmigen Abrundung kommt ein feiner Ap&eacute;ro vor oder nach der F&uuml;hrung sehr gut an - unser Spezialangebot f&uuml;r St&auml;dtlif&uuml;hrungsgruppen finden Sie&nbsp; <a href="https://toggenburg.swiss/files/_OpenFrontend/websites/toggenburg.swiss/objects/pdf_download/ap%C3%A9ro_angebote_lichtensteig.pdf" target="_blank" rel="noopener">hier.</a>&nbsp;</p>;9.087211489677431;47.323541518234684;9620;Lichtensteig;[{'@type': 'ImageObject', 'contentUrl': 'https://ttpimtsoch.sos-ch-dk-2.exoscale-cdn.com/catalog/1/9/2/b/192b9243c6d51886129bf43f8e563e41afa767f7_Bild_Frauen_im_Toggenburg.jpg'}];2026-03-20T16:24:17+01:00
9e3b4a74-0859-4f56-8fa8-1adfec43d0cc;Chatzegrabe-Tours - Wanderleiter SBV;Professionell geführte Wander-, Berg- und Schneeschuhtouren im Toggenburg, in der Ostschweiz und in anderen Gegenden der Schweiz. Als Einzelperson oder Gruppe die herrliche Bergwelt erleben.;<p>Möchtest du
- dich in der Bergwelt vom Alltag erholen?
- eine atemberaubende Landschaft erkunden?
- eine Spur durch den Schnee abseits des Rummels ziehen?
- den Sonnenaufgang auf einem Berggipfel erleben?
- dem leuchtenden Mond in einer verschneiten Landschaft begegnen?
- die Bergwelt geniessen und dabei sicher unterwegs sein?
- unterwegs Spannendes und Wissenswertes über die Region und den Lebensraum erfahren?
- mit deinem Team, Gruppe oder Klasse einen unvergesslichen Tag draussen in der Natur verbringen?
- oder gar die Nacht zum Tag werden lassen?

Benno Schwizer, Wanderleiter SBV und SAC-Tourenleiter ermöglicht dir, diese Wünsche zu erfüllen.
Im Tourenprogramm findest du verschiedene Angebote - im Winter wie im Sommer, für Einsteiger/innen und Geübte.

Oder lass dir eine massgeschneiderte Tour anbieten für Einzelpersonen, Gruppen oder Teams.
Ich freue mich auf deine Anfrage und mit dir/euch «zäme underwägs» zu sein.</p>;9.1694948;47.2487748;Brunnenstrasse 2;9643;Krummenau;+41 79 231 39 79;hallo@chatzegrabe-tours.ch;https://chatzegrabe-tours.ch;[{'@type': 'ImageObject', 'contentUrl': 'https://ttpimtsoch.sos-ch-dk-2.exoscale-cdn.com/catalog/e/2/9/3/e2936d8e46fc0cc9012d863bb6aa5c498306bbee_DSC02708.JPG'}];2026-04-28T19:33:20+02:00
9ee0fb06-52e4-4bc0-9e41-8add7aa3d6d2;Birdie Golf Toggenburg;Die erste Indoor Golf Anlage im Toggenburg. Einzigartige Golf-Lounge im Loft «zur alten Weberei» in Neu St. Johann für Gäste und Club-Mitglieder.;Es stehen Ihnen folgende Möglichkeiten zur Verfügung:

- Golf-Simulator im Self-Service für eine faszinierende virtuelle Golfrunde – realistisch, interaktiv und mit beeindruckendem 3D-Effekt.
- Attraktives Putting-Green.
- Gemütliche Lounge für gesellige Momente.
- Attraktiv für Firmen, Tourismusgäste, Familien und Freunde bis maximal 12 Personen.;9.1957731;47.2289055;Alte Webereistrasse 2;9652;Neu St. Johann;079 818 98 61;info@birdiegolf-toggenburg.ch;https://birdiegolf-toggenburg.ch/;[{'@type': 'ImageObject', 'contentUrl': 'https://ttpimtsoch.sos-ch-dk-2.exoscale-cdn.com/catalog/1/6/5/3/1653b1e7e1b726b193c3a94408eaea447c7f2e38_Birdie_Golf_Toggenburg_11__2.jpg'}];2026-08-19T14:44:33+02:00
a164c80a-4d11-45cd-b0fb-37c47a7aa070;Silvan Ebneter - Bergführer;Egal ob Anfänger oder erfahren: Ich biete Skitouren, Hochtouren, Kletter- und Eisklettertouren sowie Kurse in Lawinenkunde, Skitechnik und Klettern an. Im malerischen Toggenburg wird dein Abenteuer Wirklichkeit – sei bereit für einzigartige Naturerlebnisse!;Abenteuer beginnen mit der Idee, werden beim Planen geformt, realisiert auf einer Tour und zu Hause als Geschichte weitererzählt.

Egal, ob du gerade erst mit dem Bergsport beginnst oder bereits Erfahrung mitbringst – bei mir bist du genau richtig! Ob in der Gruppe bei einer fundierten Ausbildung oder auf einer anspruchsvollen Klettertour: Ich sorge dafür, dass dein Abenteuer Wirklichkeit wird.

Das malerische Toggenburg bietet uns die perfekte Kulisse, um unvergessliche Touren zu erleben und gemeinsam die Berge zu genießen.

Mein Angebot:
•	Skitouren
•	Hochtouren
•	Eisklettern
•	Klettertouren
•	Ausbildung:
o	Lawinenkurs
o	Skitechnikkurs
o	Kletterkurs

Bereit für neue Herausforderungen und Naturerlebnisse? Ich freue mich auf dich!;9.141916900000004;47.254443699999996;Brandholz 2790;9642;Ebnat-Kappel;+41 79 379 46 63;info@alpendohle.ch;https://alpendohle.ch/;[{'@type': 'ImageObject', 'contentUrl': 'https://ttpimtsoch.sos-ch-dk-2.exoscale-cdn.com/catalog/8/e/d/d/8edd3d748831d6cec052cb951e2283875f3ed0b3_IMG_20231014_WA0012.jpg'}];2026-04-28T19:33:21+02:00
a6313581-97ae-4113-9d58-1ce5ed83ca05;Projekteinblick Mini.Stadt Lichtensteig;Bei dieser Führung erhalten Sie exklusive Einblicke in eines der Projekte, die dazu beigetragen haben, dass Lichtensteig 2023 den Wakkerpreis gewonnen hat. ;<p>Die Mini.Stadt Lichtensteig ist stark vom Strukturwandel gepr&auml;gt. Konstant ist: Lichtensteiger:innen packen an. Gemeinsam haben sie eine Strategie entwickelt und verschiedene Projekte vorangetrieben und umgesetzt. Dies hat die Jury des renommierten Wakkerpreises dazu bewogen, den Preis im Jahr 2023 an Lichtensteig zu vergeben.&nbsp;</p><p><br>Folgende Projekte bieten Ihnen einen exklusiven Einblick:</p><ul><li><strong>Macherzentrum Toggenburg</strong> (<a href="https://www.macherzentrum.ch" target="_blank" rel="noopener">www.macherzentrum.ch</a>)<br>Engagierte Macher:innen nutzten die ehemalige Post in Lichtensteig nach deren Schliessung in einen Coworkingspace um. Damit wollten sie den Leerstand als Chance wahrnehmen und einen Mehrwert f&uuml;r die Region schaffen. Heute hat sich der Coworkingspace im Toggenburg etabliert und lockt Gr&uuml;nder:innen, digitale Nomadinnen und Nomaden sowie weitere Macher:innen an. Das Macherzentrum bietet ein inspirierendes Umfeld inmitten des wundersch&ouml;nen St&auml;dtli Lichtensteigs. Der Postschalter, die Schliessf&auml;cher und andere &laquo;&Uuml;berbleibsel&raquo; der Post blieben erhalten und verleihen einen einzigartigen Charme &ndash; schauen Sie selbst!</li><li><strong>Zukunft.Bahnhof</strong> (<a href="https://www.zukunftbahnhof.ch/" target="_blank" rel="noopener">www.zukunftbahnhof.ch</a>)&nbsp;<br>Auf dem Areal rund um die Bahnhalle, wo das bekannte Ch&ouml;ssi Theater beheimatet ist, entsteht ein Konzept f&uuml;r eine enkeltaugliche Arealentwicklung. Die denkmalgesch&uuml;tzte Bahnhalle soll saniert werden und neue Bauten entstehen, die eine vielf&auml;ltige Mischnutzung des Areals mit einer Kombination aus Wohnen, Arbeiten und Kultur bieten werden. Mithilfe von sozialer und technischer Innovation soll ein lebendiger Begegnungs- und Wohnort entstehen.<br><br></li><li><strong>Stadtufer</strong> (<a href="https://www.stadtufer.ch/" target="_blank" rel="noopener">www.stadtufer.ch</a>)<br>Der Niedergang der Textilindustrie hat die Region stark getroffen. Wir nutzen die Chance, mit dem Stadtufer eine Geschichte der feinf&uuml;hligen &ouml;kologischen und sozialen Wiederbelebung der ehemaligen Spinnerei zu erz&auml;hlen, welche das Bild des St&auml;dtchens historisch gepr&auml;gt hat. Mit partizipativen Planungsmethoden entwickelt sich das Areal Stadtufer aus dem Bestand heraus zu einem zukunftsweisenden Ort der Begegnung. F&uuml;r das grosse Engagement wurde die Genossenschaft 2022 mit dem Anerkennungspreis der Schweizer Vereinigung f&uuml;r Standortmarketing SVSM ausgezeichnet.<br><br></li><li><strong>Rathaus f&uuml;r Kultur</strong> (<a href="https://rathausfuerkultur.ch/" target="_blank" rel="noopener">www.rathausfuerkultur.ch</a>)<br>Das Rathaus f&uuml;r Kultur ist seit 2019 ein Knotenpunkt f&uuml;r kulturelles Schaffen. Der Verein gestaltet die Zukunft der Region aktiv mit, vernetzt Kunst- und Kulturschaffende mit der Bev&ouml;lkerung und entwickelt neue Ideen und Projekte. Im umgenutzten ehemaligen Stadtverwaltungsgeb&auml;ude befinden sich die Dogo Residenz f&uuml;r Neue Kunst, zahlreiche Ateliers, mietbare Event, Probe- und Ausstellungsr&auml;umlichkeiten sowie ein gastronomischer Betrieb mit Aussenbereich. Das Haus ist &ouml;ffentlich zug&auml;nglich und wird vielf&auml;ltig genutzt. Regelm&auml;ssig wird ein diverses Kulturprogramm geboten mit Konzerten, Parties, Ausstellungen, Talks und mehr.</li></ul><p><strong>Ap&eacute;ro</strong><br>Zur stimmigen Abrundung kommt ein feiner Ap&eacute;ro im Anschluss an die F&uuml;hrung immer gut an.&nbsp;<a href="https://toggenburg.swiss/files/_OpenFrontend/websites/toggenburg.swiss/objects/pdf_download/ap%C3%A9ro_angebote_lichtensteig.pdf" target="_blank" rel="noopener">Hier </a>finden Sie die Spezialangebote unserer Partnerbetriebe.<br>Wir w&uuml;rden uns sehr freuen, eines dieser Angebote f&uuml;r Sie zu organisieren.</p><p>&nbsp;<br>Weitere Informationen zum Wakkerpreise 2023 finden Sie unter <a href="https://wakkerpreis2023.ch/" target="_blank" rel="noopener">www.wakkerpreis2023.ch</a></p>;9.0874862;47.3231436;9620;Lichtensteig;[{'@type': 'ImageObject', 'contentUrl': 'https://ttpimtsoch.sos-ch-dk-2.exoscale-cdn.com/catalog/1/3/0/4/1304eee490a9fa7f46287f0e30e9298dac852609_05_Wakkerpreis_2023_Lichtensteig.jpg'}];2026-03-20T16:24:17+01:00
a6cec57e-b0a5-4904-8050-9022589d6ded;Wanderma.ch - Wanderleiter SWW;Wanderleiter (SWW) für professionell geführte Wanderungen, Natur-, und Kulturbeobachtungen, Schneeschuhtouren oder sonstige Natur- und Bergerlebnisse im Toggenburg und Alpstein.;<div id="comp-lwwafj34" class="Z_l5lU ku3DBC zQ9jDz qvSjx3 Vq6kJx comp-lwwafj34 wixui-rich-text" data-testid="richTextElement"></div><div id="comp-lwwafj341" class="Z_l5lU MMl86N zQ9jDz qvSjx3 Vq6kJx comp-lwwafj341 wixui-rich-text" data-testid="richTextElement"></div><div id="comp-lwwafj342" class="Z_l5lU ku3DBC zQ9jDz qvSjx3 Vq6kJx comp-lwwafj342 wixui-rich-text" data-testid="richTextElement"><p class="font_7 wixui-rich-text__text">Nat&uuml;rlich unterwegs im Toggenburg und Alpstein.&nbsp;</p><p class="font_7 wixui-rich-text__text">Willkommen in der faszinierenden Bergwelt zwischen S&auml;ntis und Churfirsten</p><p class="font_8 wixui-rich-text__text">Die Natur hier &ndash; mit ihren wilden W&auml;ldern, bl&uuml;henden Wiesen und schroffen Gipfeln &ndash; begeistert mich jeden Tag aufs Neue. Diese besondere Region ist mein Zuhause, mein Kraftort &ndash; und ich kenne sie wie meine Westentasche.</p><p class="font_8 wixui-rich-text__text">Ob gem&uuml;tliche Wanderung, faszinierende Schneeschuhtour, spannende Exkursion oder inspirierender Teamausflug: Ich nehme dich, deine Gruppe und Freunde mit zu meinen Lieblingspl&auml;tzen &ndash; abseits des Trubels, mitten ins echte toggenburger Berg- &amp; Naturerlebnis.</p><p class="font_8 wixui-rich-text__text">Seit April 2025 bin ich ausgebildeter Wanderleiter bei den Schweizer Wanderwegen. Mit viel Herzblut begleite ich Gruppen, Teams und Naturbegeisterte durch eindrucksvolle und entspannende Landschaften.&nbsp;</p></div>;9.376864299999998;47.206800900000005;Seewiesstrasse 6;9658;Wildhaus;+41798216959;marco@wanderma.ch;https://www.wanderma.ch;[{'@type': 'ImageObject', 'contentUrl': 'https://ttpimtsoch.sos-ch-dk-2.exoscale-cdn.com/catalog/2/3/f/c/23fc9926dbfb8eb54642882cb2f29044c7ac9f60_Wanderma_Portrait_25.jpg'}];2026-04-28T19:33:11+02:00
a8d72dd2-b86c-4b33-bc49-0b2ab54cb75d;Historische Führung durch die Mini.Stadt Lichtensteig;Erfahren Sie einiges über die Geschichte Lichtensteigs und entdecken Sie während der Führung die schönsten Ecken und schmalsten Gassen der Mini.Stadt im Toggenburg, welche mit dem Wakkerpreis ausgezeichnet wurde.;<p>Erleben Sie das St&auml;dtli von einer nicht ganz allt&auml;glichen Seite. Bei der begleiteten F&uuml;hrung erfahren Sie so einiges &uuml;ber die Geschichte Lichtensteigs und sehen die sch&ouml;nsten Ecken und schmalsten Gassen der Mini.Stadt im Toggenburg.&nbsp;Das historische Marktst&auml;dtchen Lichtensteig ist auf 640 m &uuml;.M. hoch &uuml;ber der Thur gelegen. Der vorbildlich erhaltene und restaurierte Altstadtkern mit seinen schmalen Kopfsteinpflaster-Gassen, hohen Arkaden und romantischen Brunnen will entdeckt werden. Die Bem&uuml;hungen der Gemeinde Lichtensteig rund um die Stadtentwicklung wurden mit dem Wakkerpreis 2023 ausgezeichnet.&nbsp;</p><p><strong>Ap&eacute;ro<br></strong>Zur stimmigen Abrundung kommt ein feiner Ap&eacute;ro vor oder nach der F&uuml;hrung sehr gut an - unser Spezialangebot f&uuml;r St&auml;dtlif&uuml;hrungsgruppen finden Sie&nbsp; <a href="https://toggenburg.swiss/files/_OpenFrontend/websites/toggenburg.swiss/objects/pdf_download/ap%C3%A9ro_angebote_lichtensteig.pdf" target="_blank" rel="noopener">hier.</a>&nbsp;</p><p>&nbsp;</p>;9.087796211242678;47.32375601594768;9620;Lichtensteig;[{'@type': 'ImageObject', 'contentUrl': 'https://ttpimtsoch.sos-ch-dk-2.exoscale-cdn.com/catalog/b/b/8/2/bb82bb7c447f94cd9b79ab83830b46ca0a46b383_Altstadt_Bezirksgeba__ude.jpeg'}];2026-05-04T12:02:41+02:00
b14180aa-3ee7-4f7e-aba9-bfe401c7afd8;Naturjodelerlebnis;Wir bieten Ihnen spontane Kulturmomente. Mit unserer Unterstützung werden Sie innert 60 – 90 Minuten die bodenständige Begleitung eines echten Naturjodels bilden. Sie merken wie wichtig Teamgeist und Zusammenhalt in einem Jodelchor sind und erleben amüsante Momente mit ungeahnten musikalischen Erfahrungen.;Befällt Sie gar der Mut, selbst einen Naturjodel zum Besten zu geben, sind Sie bei uns gut aufgehoben. Mit anderen Jodelfrischlingen zusammen verbreiten Sie Heimatklänge! Und Sie werden es nicht lassen können, das Talerschwingen und Scheläschötten selbst zu praktizieren. Marlene und Ruedi Roth führen Sie mit bereicherndem Stolz in ihre Leidenschaft: Echten Älplergesang, der mit seinen tiefen Wurzeln bleibende Heimatfreude hinterlässt.

Inkludierte Leistungen: 
-Vortrag über die Herkunft und Praktizierung von Naturjodel und Zäuerli
-Vorstellung der Tracht
-Bildung eines Begleitchors zu einem Naturjodel
-Talerschwingen und Scheläschötten
-Amüsantes Erlebnis zur Teambildung

Gruppenpreis: 
400 - 600 Fr. , je nach Dauer des Teamevents
;9.192632295830059;47.293090649999996;Bareneggstrasse 15;9633;Hemberg;+41 79 741 51 69;rb.roth@bluewin.ch;https://www.ruedi-roth.ch/index.php/nj-erlebnis;[{'@type': 'ImageObject', 'contentUrl': 'https://ttpimtsoch.sos-ch-dk-2.exoscale-cdn.com/catalog/e/2/d/3/e2d37515eba731a4e11aeb7b0de34e42b806f8b9_Naturjodel.JPG'}];2026-05-04T12:02:42+02:00
c4dcf8be-dcdd-4f6e-b593-f7d738fcfe0d;Mini.Stadt Stadtentwicklungs-Führung;Wieso hat Lichtensteig 2023 den Wakkerpreis erhalten? Diese und andere Fragen werden während des Rundgangs durch die Mini.Stadt beantwortet. ;<p>Die Mini.Stadt Lichtensteig ist stark vom Strukturwandel gepr&auml;gt. Konstant ist: Lichtensteiger:innen packen an. Gemeinsam haben sie eine Strategie entwickelt und verschiedene Projekte vorangetrieben und umgesetzt.</p><p><br>Auf diesem Rundgang nimmt Sie Ihr St&auml;dtliguide mit auf einen Rundgang und gibt Ihnen Einblick in die "Mini.Stadt Strategie" und zeigt die daraus entstandenen Projekte, welche die Jury des renommierten Wakkerpreises unter anderem dazu bewogen haben, den Preis im Jahr 2023 an Lichtensteig zu vergeben.</p><p><strong>Ap&eacute;ro<br></strong>Zur stimmigen Abrundung kommt ein feiner Ap&eacute;ro im Anschluss an die F&uuml;hrung immer gut an.&nbsp;<a href="https://toggenburg.swiss/files/_OpenFrontend/websites/toggenburg.swiss/objects/pdf_download/ap%C3%A9ro_angebote_lichtensteig.pdf" target="_blank" rel="noopener">Hier&nbsp;</a>finden Sie die Spezialangebote unserer Partnerbetriebe.<br>Wir w&uuml;rden uns sehr freuen, eines dieser Angebote f&uuml;r Sie zu organisieren.&nbsp;</p><p><strong>Wakkerpreis 2023<br></strong>Auszeichnung vom Schweizer Heimatschutz f&uuml;r die vorbildliche Ortsbild- und Siedlungsentwicklung.&nbsp;Weitere Informationen dazu unter&nbsp;<a href="https://wakkerpreis2023.ch/" target="_blank" rel="noopener">www.wakkerpreis2023.ch</a></p>;9.08724367618561;47.323479692979454;9620;Lichtensteig;[{'@type': 'ImageObject', 'contentUrl': 'https://ttpimtsoch.sos-ch-dk-2.exoscale-cdn.com/catalog/8/9/b/0/89b05ced65560e4bfb66d054b15c0a23a1c88ec0_03_Wakkerpreis_2023_Lichtensteig.jpg'}];2026-03-23T14:33:07+01:00
c4ef8a40-6c95-406a-b41d-48c4f025e91b;Szenische Jost Bürgi-Führung;Lernen Sie auf diesem szenischen Rundgang das in Lichtensteig geborene Universalgenie Jost Bürgi (1552 – 1632) persönlich kennen und lauschen Sie seinen Geschichten in den Gassen der Altstadt von Lichtensteig.;<p>Jost B&uuml;rgi - das Universalgenie - ist 1552 im St&auml;dtli Lichtensteig geboren und nach einem reicherf&uuml;llten Leben 1632 in Kassel gestorben. Er wirkte in Kassel am F&uuml;rstenhof Wilhelm IV. und in Prag am Kaiserhof Rudolf II. und kam durch seine grosse Schaffenskraft zu h&ouml;chsten Ehren. Obwohl B&uuml;rgi nie eine Universit&auml;t besuchte, hat er das Universum neu geordnet. Der geniale Mathematiker baute nebst Uhren und Messinstrumente auch einzigartige Himmelsgloben. Nachdem Papst Gregor XIII. 1582 den Kalender samt Schalttag reformiert hatte, dauerte es nur vier Jahre bis B&uuml;rgi das erste mechanische System entwickelte, das die neue Zeitrechnung ber&uuml;cksichtigte. So baute er f&uuml;r Rudolf II. - Kaiser des Heiligen R&ouml;mischen Reiches in Prag - einen Himmelsglobus, der die Schaltjahre anzeigte.</p><p>Auf dieser F&uuml;hrung werden Sie von einem St&auml;dtliguide durch die Gassen von Lichtensteig gef&uuml;hrt. Dabei treffen Sie immer wieder auf Jost B&uuml;rgi &ndash; dargestellt von einem Schauspieler &ndash; und k&ouml;nnen so wahrhaftig in die fr&uuml;heren Zeiten eintauchen.</p><p><strong>Ap&eacute;ro<br></strong>Zur stimmigen Abrundung kommt ein feiner Ap&eacute;ro vor oder nach der F&uuml;hrung sehr gut an - unser Spezialangebot f&uuml;r St&auml;dtlif&uuml;hrungsgruppen finden Sie&nbsp; <a href="https://toggenburg.swiss/files/_OpenFrontend/websites/toggenburg.swiss/objects/pdf_download/ap%C3%A9ro_angebote_lichtensteig.pdf" target="_blank" rel="noopener">hier.</a>&nbsp;</p>;9.08723831176758;47.32348696654265;9620;Lichtensteig;[{'@type': 'ImageObject', 'contentUrl': 'https://ttpimtsoch.sos-ch-dk-2.exoscale-cdn.com/catalog/c/a/2/b/ca2bc4c6b912acb180a7bc5604c6ff3665616436_IMG_20251103_111712.jpg'}];2026-03-20T16:24:18+01:00
c95dfc43-e714-477e-9257-06209aff649e;Tandem Paragliding – Ostschweiz (Toggenburg & Alpstein);Sanft abheben und dem Alltag entgleiten, lautlos über das Toggenburg oder den Alpstein schweben und die atemberaubende Bergwelt aus einer neuen Perspektive entdecken – ein Erlebnis für alle, die Ruhe, Weite und einen Moment echter Freiheit suchen.;Ich bin in der Region verwurzelt und kenne die Bedingungen hier wie kaum ein anderer. Als erfahrener Tandempilot plane ich jeden Flug individuell – angepasst an Wetter, Thermik und deine Wünsche. Gemeinsam starten wir von einigen der eindrucksvollsten Flugberge der Ostschweiz: Ebenalp, Hoher Kasten, Kronberg, Chäserrugg oder Stockberg – je nach Tageslage und Jahreszeit.

Wer das Abenteuer sucht, kann mit mir auch ein Hike&Fly erleben: Gemeinsam steigen wir zum Startplatz auf, geniessen unterwegs die Natur und heben anschliessend lautlos ab. Eine Kombination aus Bergsport, Naturerlebnis und Gleitschirmflug – pur, direkt und intensiv. Ob sanfter Gleitflug oder Thermik nutzen und Höhe gewinnen – alles ist möglich.

Die Sicht reicht bei klaren Bedingungen von den Churfirsten über den Säntis bis hin zum Bodensee und die Glarner Alpen. Jeder Flug ist anders, jeder Moment einzigartig.

LUFTHELD steht für persönliche Begleitung, höchste Sicherheit und authentische Erlebnisse. Kein Massentourismus, kein Standardprogramm – sondern echtes Gleitschirmfliegen mit einem Local, der seine Heimat liebt und sie dir aus der Luft zeigen möchte.

Du willst noch höher hinaus? Neben klassischen Passagierflügen biete ich auch Thermik- und Streckenflüge an – ideal für alle, die länger in der Luft bleiben oder das Gefühl grenzenloser Freiheit noch intensiver erleben möchten.;9.3134262;47.1558974;Chäserrugg;9657;Unterwasser;+41 79 370 94 43;stefan.schwarz@bluewin.ch;https://www.shv-fsvl.ch/einfach-finden/detail/stefan-schwarz/;[{'@type': 'ImageObject', 'contentUrl': 'https://ttpimtsoch.sos-ch-dk-2.exoscale-cdn.com/catalog/b/3/b/1/b3b11fc89dae4961fec7d11bf2f1b1d1a0764123_Luftheld1.JPG'}];2026-04-28T19:33:15+02:00
c99282d4-f147-469a-bbf0-c9237a8adf81;"Shopping Mall" Städtli Lichtensteig;Hören Sie auf dieser Themenführung wie der bekannte Marktort im späten Mittelalter zum überregionalen, aktiven Marktzentrum wurde und welche Einkaufsangebote es heute noch im Städtli gibt.;<p>Im sp&auml;ten Mittelalter und der Neuzeit war Lichtensteig &uuml;berregional ein bedeutender Handelsplatz und entwickelte sich aufgrund seiner strategischen Lage, zu einem zentralen Markt- und Handelszentrum, das weit &uuml;ber die Region hinaus bekannt war. Die Beg&uuml;nstigung durch das Marktrecht und die Lage am wichtigen Drehkreuz zogen H&auml;ndler und Kaufleute aus unterschiedlichen Regionen an. Noch heute bietet Lichtensteig ein vielseitiges Einkaufsangebot mit 24-Stunden Shops und kleinen Manufakturen.</p><p><strong>Ap&eacute;ro<br></strong>Zur stimmigen Abrundung kommt ein feiner Ap&eacute;ro vor oder nach der F&uuml;hrung sehr gut an - unser Spezialangebot f&uuml;r St&auml;dtlif&uuml;hrungsgruppen finden Sie&nbsp; <a href="https://toggenburg.swiss/files/_OpenFrontend/websites/toggenburg.swiss/objects/pdf_download/ap%C3%A9ro_angebote_lichtensteig.pdf" target="_blank" rel="noopener">hier.</a>&nbsp;</p>;9.08723831176758;47.323436051579264;9620;Lichtensteig;[{'@type': 'ImageObject', 'contentUrl': 'https://ttpimtsoch.sos-ch-dk-2.exoscale-cdn.com/catalog/e/2/a/6/e2a6b71b97a74702b7feaee12ea32c1e1d16bb8d_0R0A2686.jpg'}];2026-03-20T16:24:18+01:00
cb54d330-b2f5-46e4-82e6-415208193922;Führung in der Käserei;Charakter hat in der Städtlichäsi nicht nur der Käse. Und das Rezept ist auch kein Geheimnis: Mit viel Leidenschaft, handwerklichem Geschick und besten Zutaten aus dem Toggenburg produziert Willi Schmid weltweit renommierte Käse.;<p>Willi Schmid und seine Familie gew&auml;hren im Rahmen der K&auml;serei-F&uuml;hrung und der Besichtigung der verschiedenen K&auml;sekeller einen Einblick in Ihre K&auml;sephilosophie. K&auml;se mit klingenden Namen wie Jersy Blue, Fromage Vivienne und Caprinello werden anschliessend f&uuml;r eine Degustation aufgetischt.</p><p>Dauer: ca. 2 Stunden <br>Durchf&uuml;hrung: Montag bis Freitag zwischen 13.00 bis 19.00 Uhr, letzter <br>Start: 17.00 Uhr Samstag zwischen 9.00 bis 11.00 Uhr Mindestens 10 bis maximal 40 Personen. <br>Die genaue Zeit f&uuml;r die Durchf&uuml;hrung wird zwischen den Teilnehmern und dem Anbieter vereinbart. <br>Wichtig: Ihre Buchung ist erst definitiv, wenn diese von der St&auml;dlich&auml;si best&auml;tigt ist. Preis: CHF 35 pro Person (CHF 10 f&uuml;r die F&uuml;hrung, CHF 25 f&uuml;r die Degustation)<br>Treffpunkt: St&auml;dtlich&auml;si Lichtensteig, Uttenwilserstrasse 2, 9620 Lichtensteig SG</p>;9.08518;47.32951;Uttenwilerstrasse 2;9620;Lichtensteig;071 994 32 86;mail@willischmid.ch;https://shop.chaeswelt.ch/produktkategorie/erlebnisse/;[{'@type': 'ImageObject', 'contentUrl': 'https://ttpimtsoch.sos-ch-dk-2.exoscale-cdn.com/catalog/2/7/3/c/273c6f92bb78a7022be10435f2bae5ad0226c4d7_Titelbild_Schmid.JPG'}];2026-07-17T09:41:54+02:00
cccbb031-58d1-4e59-97ad-083edb7d647d;Toggenburger Adel und Landleute im Mittelalter;Tauchen Sie auf dieser Themenführung durch Lichtensteig ins Mittelalter der Ostschweiz und dem Toggenburg ein.;<p>Bis fast zum Ende des Mittelalters herrschten die Grafen von Toggenburg im heutigen Toggenburg und dar&uuml;ber hinaus im Rheintal, im Linthgebiet, in Graub&uuml;nden und bis ins Z&uuml;rcher Oberland. Die Landleute bildeten gegen Ende des 14. Jahrhunderts ein b&uuml;rgerliches Bewusstsein, das Best&auml;tigung der erlangten Rechte wie Freiheitsrecht, Erbrecht, Strafrecht und Marktrecht durch den Landesherrn verlangte, was in Lichtensteig erstmals 1400 gelang.</p><p><strong>Ap&eacute;ro<br></strong>Zur stimmigen Abrundung kommt ein feiner Ap&eacute;ro vor oder nach der F&uuml;hrung sehr gut an - unser Spezialangebot f&uuml;r St&auml;dtlif&uuml;hrungsgruppen finden Sie&nbsp; <a href="https://toggenburg.swiss/files/_OpenFrontend/websites/toggenburg.swiss/objects/pdf_download/ap%C3%A9ro_angebote_lichtensteig.pdf" target="_blank" rel="noopener">hier.</a>&nbsp;</p>;9.08722758293152;47.32354515501218;9620;Lichtensteig;[{'@type': 'ImageObject', 'contentUrl': 'https://ttpimtsoch.sos-ch-dk-2.exoscale-cdn.com/catalog/a/7/9/2/a792ac92252afc2c20461b092d8976c4807c8a26_Lichtensteig_im_Herbst___Ch____sWelt_Toggenburg.jpg'}];2026-03-20T16:24:18+01:00
d343c3ff-6f72-491a-afcc-0af58c3a53ba;Fondue beim Käser;Der Milchstrasse entlang in die Käsegalaxie Liechti-Hochmoor Chäs: Erhalten Sie Einblicke in die lokale Milchverarbeitung und geniessen Sie anschliessend ein herzhaftes Fondue.;<p>Gian Liechti und sein Team nehmen Sie mit auf eine Entdeckungsreise quer durch die familiengef&uuml;hrte Bergk&auml;serei auf dem Ricken und zeigen Ihnen den Weg von der Milch zum K&auml;se. <br>Im Keller der Hochmoor K&auml;se AG reifen neben Emmentaler AOP, verschiedenen Hart- und Halbhartk&auml;se auch der herbe Hochmoor Ch&auml;s. Letzterer verdankt seinen Charakter der reichhaltigen Pflanzen- und Kr&auml;uterwelt des Hochmoors auf dem Rickenpass. <br>Bei einem rassigen Hochmoor-Fondue, &uuml;brigens ebenfalls mit Hochmoor Ch&auml;s, oder einem herzhaften Raclette &agrave; discr&eacute;tion in den R&auml;umlichkeiten der K&auml;serei endet die Exkursion schliesslich genussvoll. <br>Dauer: 3 Stunden Durchf&uuml;hrung: Dienstag, Mittwoch, Freitag von 17.30 - 20.30 Uhr oder nach Vereinbarung. Die genaue Zeit f&uuml;r die Durchf&uuml;hrung wird zwischen den Teilnehmern und dem Anbieter vereinbart. Ab mindestens 6 bis maximal 25 Personen. <br>Wichtig: Ihre Buchung ist erst definitiv, wenn diese von der Hochmoor K&auml;se AG best&auml;tigt ist. Preis: CHF 35.00 (exkl. Getr&auml;nke) f&uuml;r Erwachsene CHF 20.00 (exkl. Getr&auml;nke) f&uuml;r Kinder von 7 - 15 Jahren Treffpunkt: Hochmoor K&auml;se AG &ndash; Bergk&auml;serei Liechti, Waldestrasse 3, 8726 Ricken SG</p>;9.044;47.26455;Waldestrasse 3;8726;Ricken SG;055 284 51 11;email@liechti-kaese.ch;http://www.liechti-kaese.ch;[{'@type': 'ImageObject', 'contentUrl': 'https://ttpimtsoch.sos-ch-dk-2.exoscale-cdn.com/catalog/f/e/5/b/fe5b6306ca9632fdf145bb62aa57e24b694d80d6_ch____swelt_website_genussperlen_03_2025_1rz__2.jpg'}];2026-07-17T14:06:51+02:00
d4a6c8d6-cc0e-4b79-9930-06a08a91b076;Wein-Führung;Das Geheimnis der Lichtensteiger Reben und Trauben ;<p>Im St&auml;dtli Lichtensteig wachsen verschiedene Traubensorten, aus denen unterschiedliche Weine gekeltert werden. Auf diesem weinseligen Rundgang besuchen Sie die drei einmalig gelegenen Lichtensteiger Rebberge. Da die H&auml;nge vom ersten bis zum letzten Sonnenstrahl besonnt sind und auch sonst gute Bedingungen herrschen, entsteht unterschiedlicher Wein von hoher Qualit&auml;t.<br>Nebst den Rebbergen gibt es weitere interessante und historische Schnittstellen zum Thema &lsquo;Reben und Wein in Lichtensteig&rsquo;, welche auf dieser F&uuml;hrung besuchen werden.</p><p><strong>Ap&eacute;ro<br></strong>Zur stimmigen Abrundung kommt ein feiner Ap&eacute;ro vor oder nach der F&uuml;hrung sehr gut an - unser Spezialangebot f&uuml;r St&auml;dtlif&uuml;hrungsgruppen finden Sie&nbsp; <a href="https://toggenburg.swiss/files/_OpenFrontend/websites/toggenburg.swiss/objects/pdf_download/ap%C3%A9ro_angebote_lichtensteig.pdf" target="_blank" rel="noopener">hier.</a>&nbsp;</p>;9.08722221851349;47.32353424467902;9620;Lichtensteig;[{'@type': 'ImageObject', 'contentUrl': 'https://ttpimtsoch.sos-ch-dk-2.exoscale-cdn.com/catalog/9/9/a/6/99a6afe18745696ca2770b4f52fc25acb11cf17a_Bild_Rebberg.jpg'}];2026-03-20T16:24:18+01:00
d5cd9d46-c8ed-4045-b950-47359a477784;Steinmannli - Bergführer mit eidg. FA;Geführte Bergtouren im Sommer und Winter
Der Jahreszeit entsprechend organisiere und führe ich auf deine Wünsche zugeschnittene Ski-, und Snowboardtouren sowie Berg-, und Klettertouren.;Du möchtest unsere schönen Alpen intensiv erleben? Endlich einen grossen Klassiker erklimmen? Eine Hochtour oder Skihochtour meistern? Bei einem Kurs die Basis erlernen oder dein Wissen vertiefen? Oder mit Freunden in einer Seilschaft über einen Gletscher gehen? Ich führe dich kompetent, zuverlässig und mit jahrelanger Erfahrung, im Sommer wie im Winter. 
In den Bergen – inmitten der Tier- und Pflanzenwelt – lässt sich der Alltag mühelos vergessen. Gerne begleite ich dich dabei.;9.252440929412844;47.18514780078605;Hof 74;9656;Alt St. Johann;+41 79 276 73 14;bruno.boesch@steinmannli.ch;https://steinmannli.ch/;[{'@type': 'ImageObject', 'contentUrl': 'https://ttpimtsoch.sos-ch-dk-2.exoscale-cdn.com/catalog/c/f/0/4/cf04f1fb187d9fb38a67bbb976ad507d8bb53406_Bruno_Boesch.jpg'}];2026-05-04T12:02:40+02:00
e42a2f95-f558-42f7-b822-76e65c266161;Die 4 U - Unterricht, Ueli, Untertor, Untergang;Auf diesem Rundgang durch Lichtensteig hören Sie spannende Anekdoten und Geschichten vom Unterricht in der ersten Schule, zum Deserteur und dem Verkehrschaos bis hin zur Club-Schliessung.;<p>An der Schlacht bei Lobositz am 1. Oktober 1756 nahm auch der Schweizer S&ouml;ldner Ulrich (<strong>Ueli</strong>) Br&auml;ker teil. In seiner Biografie beschrieb er das Erlebte eindr&uuml;cklich. Gottlieb Duttweiler kombinierte <strong>Unterricht </strong>mit Unterhaltung, ein Erfolgsmodell, welches in vielen &ouml;ffentlichen Schulen &uuml;bernommen wurde. Der Strukturwandel traf Lichtensteig hart. Der beinahe <strong>Untergang </strong>brachte jedoch auch viele Chancen. 1828 wurde das <strong>Untertor </strong>abgebrochen. Wegen der Kosten gab es Protest, viele Bewohner f&uuml;hlten sich &uuml;bergangen.</p><p><strong>Ap&eacute;ro<br></strong>Zur stimmigen Abrundung kommt ein feiner Ap&eacute;ro vor oder nach der F&uuml;hrung sehr gut an - unser Spezialangebot f&uuml;r St&auml;dtlif&uuml;hrungsgruppen finden Sie&nbsp; <a href="https://toggenburg.swiss/files/_OpenFrontend/websites/toggenburg.swiss/objects/pdf_download/ap%C3%A9ro_angebote_lichtensteig.pdf" target="_blank" rel="noopener">hier.</a>&nbsp;</p>;9.08724367618561;47.32347241941527;9620;Lichtensteig;[{'@type': 'ImageObject', 'contentUrl': 'https://ttpimtsoch.sos-ch-dk-2.exoscale-cdn.com/catalog/4/4/8/6/4486a21b5c06bf48a56262189560289453f20a3d_1KLASS_1.JPG'}];2026-03-20T16:24:18+01:00
e5d8a14b-b2cf-4658-8144-cfab75a4fde8;Jost Bürgi-Führung;Wer war das Universalgenie Jost Bürgi und was hat er mit dem Toggenburg zu tun? Die Antworten darauf gibt es auf dieser Führung durchs Städtli Lichtensteig.;<p>Jost B&uuml;rgi (1552 - 1632) war ein genialer Astronom, Mathematiker, Instrumentenbauer und Uhrmacher. Er geh&ouml;rt zu den bedeutensten Pers&ouml;nlichkeiten in seinen Fachgebieten. B&uuml;rgi schenkte der Welt die Sekunde und ist auch Entdecker eines Sternes am Firmament, der seinen Namen bekam. Symbolisch finden wir den B&uuml;rgistern als goldenen Stern in der Altstadt, dieser soll uns an das Universalgenie erinnern.</p><p>Das Universalgenie Jost B&uuml;rgi wurde im St&auml;dtli Lichtensteig geboren und ist nach einem reicherf&uuml;llten Leben in Kassel gestorben. Er wirkte in Kassel am F&uuml;rstenhof Wilhelm IV. und in Prag am Kaiserhof Rudolf II. und kam durch seine grosse Schaffenskraft zu h&ouml;chsten Ehren. Obwohl B&uuml;rgi nie eine Universit&auml;t besuchte, hat er das Universum neu geordnet. Der geniale Mathematiker baute nebst Uhren und Messinstrumente auch einzigartige Himmelsgloben. Nachdem Papst Gregor XIII. 1582 den Kalender samt Schalttag reformiert hatte, dauerte es nur vier Jahre bis B&uuml;rgi das erste mechanische System entwickelte, das die neue Zeitrechnung ber&uuml;cksichtigte. So baute er f&uuml;r Rudolf II. - Kaiser des Heiligen R&ouml;mischen Reiches in Prag - einen Himmelsglobus, der die Schaltjahre anzeigte.</p><p><strong>Ap&eacute;ro<br></strong>Zur stimmigen Abrundung kommt ein feiner Ap&eacute;ro vor oder nach der F&uuml;hrung sehr gut an - unser Spezialangebot f&uuml;r St&auml;dtlif&uuml;hrungsgruppen finden Sie&nbsp; <a href="https://toggenburg.swiss/files/_OpenFrontend/websites/toggenburg.swiss/objects/pdf_download/ap%C3%A9ro_angebote_lichtensteig.pdf" target="_blank" rel="noopener">hier.</a>&nbsp;</p><p>&nbsp;</p>;9620;Lichtensteig;[{'@type': 'ImageObject', 'contentUrl': 'https://ttpimtsoch.sos-ch-dk-2.exoscale-cdn.com/catalog/6/f/b/8/6fb863003f0511d6389a263cd777f044f2099b6a_IMG_20251103_111703.jpg'}];2026-03-20T16:24:18+01:00
ee77f805-7ade-4742-be1c-352716b3e10e;Krimi-Führung;Ein spannender Rundgang zu den Schauplätzen des Kriminalromans «Angst, Haas und Seitensprung» von Petra Ivanov. ;<p>W&auml;hrend der F&uuml;hrung besuchen Sie die verschiedenen Schaupl&auml;tze des in Lichtensteig handelnden Krimis und h&ouml;ren spannende Anekdoten und Geschichten dazu.&nbsp;</p><p><strong>Ap&eacute;ro<br></strong>Zur stimmigen Abrundung kommt ein feiner Ap&eacute;ro vor oder nach der F&uuml;hrung sehr gut an - unser Spezialangebot f&uuml;r St&auml;dtlif&uuml;hrungsgruppen finden Sie&nbsp; <a href="https://toggenburg.swiss/files/_OpenFrontend/websites/toggenburg.swiss/objects/pdf_download/ap%C3%A9ro_angebote_lichtensteig.pdf" target="_blank" rel="noopener">hier.</a>&nbsp;</p>;9.08725440502167;47.323461509067094;9620;Lichtensteig;[{'@type': 'ImageObject', 'contentUrl': 'https://ttpimtsoch.sos-ch-dk-2.exoscale-cdn.com/catalog/3/e/9/f/3e9f3dc86728032099bbfed4925a6f616cd883ca_Sascha_Erni___Lo__wen_2.jpeg'}];2026-03-20T16:24:18+01:00
