id;name;disambiguatingDescription;description;longitude;latitude;streetAddress;postalCode;addressLocality;telephone;email;url;image;dateModified00a73240-b8d0-4ed9-80af-87cc16f101ad;Café-Bar Bahnhof Unterwasser;Ankommen, verweilen und weiterreisen. Gäste von nah und fern geniessen lokale Produkte, Sandwiches, Crêpes, Kaffee und erfrischende Cocktails im Bahnhof Unterwasser;Kaffee und Frühstück, heisse Sandwiches und erfrischende Cocktails: Die Café-Bar im neuen Bahnhof Unterwasser ist täglich, freitags und samstags bis Mitternacht, geöffnet und bietet den perfekten Ort, um zusammen zu kommen.

Die Café-Bar befindet sich im Bahnhof Unterwasser, entworfen von den Weltklasse Architekten Herzog & de Meuron, und bietet sowohl drinnen als auch draussen Plätze zum Verweilen. Die Café-Bar grenzt direkt an die Halle, in welcher die neue Standseilbahn in Unterwasser einfährt. Zusätzlich lassen sich hier auch Spezialitäten aus der Region finden und beispielsweise Käse als Mitbringsel mit nach Hause nehmen.;9.309121370315554;47.194764931669525;Frühweidstrasse 8;9657;Unterwasser;+41719986810;info@toggenburgbergbahnen.ch;https://www.chaeserrugg.ch/de/cafe-bar-bahnhof-unterwasser;[{'@type': 'ImageObject', 'contentUrl': 'https://ttpimtsoch.sos-ch-dk-2.exoscale-cdn.com/catalog/2/c/3/a/2c3a7daf5503d6f1f5cb5dddf967ba9769009d99_web_241219_Bahnhof_Iltios_Selektion_8.jpg'}];2026-08-19T14:30:39+02:00
04ba3f8e-37ee-468c-b0eb-42feb4a404cf;Neststube;Am Freitag, 1. Mai, hat im Bergnest Wildhaus an der Hauptstrasse 99 die Neststube eröffnet – ein kleines, gemütliches Bistro für Hausgäste sowie für Einheimische und Besucher aus der Region.;<div><p>Am Freitag, 1. Mai, hat im Bergnest Wildhaus an der Hauptstrasse 99 die Neststube er&ouml;ffnet &ndash; ein kleines, gem&uuml;tliches Bistro f&uuml;r Hausg&auml;ste sowie f&uuml;r Einheimische und Besucher aus der Region.</p><p>Die Neststube steht f&uuml;r Einfachheit, Herzlichkeit und eine entspannte Atmosph&auml;re. Angeboten werden Kaffeespezialit&auml;ten, Getr&auml;nke, s&uuml;sse Backwaren, Patisserie sowie kleine Snacks (hausgemachte Flammkuchen und Hot Panini). Zudem wartet eine Glacetruhe mit mindestens 14 Sorten im Offenverkauf.</p><p>Besonders am Nachmittag und zum Feierabend l&auml;dt das Bistro zum Verweilen bei Kaffee, Ap&eacute;ro oder Feierabendbier ein. Die Gastgeber starten bewusst mit einem &uuml;berschaubaren Angebot, das Schritt f&uuml;r Schritt weiter ausgebaut wird.</p><p>Mit der Neststube entsteht ein neuer Treffpunkt im Dorf &ndash; offen f&uuml;r alle, unkompliziert und mit viel Herz gef&uuml;hrt.</p></div>;9.3411086;47.2018357;Hauptstrasse 99;9658;Wildhaus;+41766209658;info@bergnest-wildhaus.ch;https://www.bergnest-wildhaus.ch;[{'@type': 'ImageObject', 'contentUrl': 'https://ttpimtsoch.sos-ch-dk-2.exoscale-cdn.com/catalog/a/a/e/1/aae1cbd7e733910af46f980c0ea913d423c21188_tempImagewvim3N.jpg'}];2026-06-03T20:32:04+02:00
0d800862-8200-40dc-b1e4-6b442b38785c;Toggenburger Brothandwerk Neu St. Johann;Wir sind eine kleine Handwerkliche Bäckerei. Wir lieben Brot in all seinen Formen und Farben. Wir möchten unsere Kreationen mit der ganzen Welt teilen.;Das Toggenburger Brothanderk bietet neben den Klassischen Broten wie Ruchbrot mit Bergweizenmehl oder Roggenbrote auch ein Sommerzeit und ein Winterzeit Sortiment an.
Da ist bestimmt für jeden etwas dabei. Gerne darf man vor Ort Degustieren.

Buttergipfel, Kernenbrötchen, Frische Sandwiches und Hauseigene Spezialitäten sind natürlich auch vorhanden.;9.194065332412722;47.230048788893384;Toggenburgerstrasse 22;9652;Neu St. Johann;0792495992;info@brothandwerk.ch;https://www.brothandwerk.ch;[{'@type': 'ImageObject', 'contentUrl': 'https://ttpimtsoch.sos-ch-dk-2.exoscale-cdn.com/catalog/3/2/9/d/329d67df99d284e218ee0bcda5c0fcd03978cc30_qms3inn3.jpeg'}];2026-01-07T16:51:43+01:00
14eedca0-71cd-4dbb-b0a9-b75a314cd9d4;Kreative Tee- und Kaffeestube Tee&Mee;Tee&amp;Mee ist die etwas andere Art Tee und Kaffee zu geniessen. Durch das Shop in Shop System kann jeder Besucher nicht nur die Vielfalt des Tees kennenlernen, sondern auch die Geschenksideen von über 20 kreativen Ausstellern aus der Region bewundern.;In stilvollem Ambiente können Sie bei uns im Toggenburg den &quot;Afternoon Tee&quot; geniessen. Leckeres Gebäck wie Cupcakes, Brownies, Cookies und mehr erwartet Sie bei Tee&amp;Mee. 
Suchen Sie Ruhe oder eine kleine Auszeit in kreativer Umgebung, dann sind sie bei uns gut aufgehoben.;9.073756600000001;47.361558349999996;Landstasse 29;9606;Bütschwil;079 271 82 40;eveline.rueegg@teeundmee.ch;https://teeundmee.ch;[{'@type': 'ImageObject', 'contentUrl': 'https://ttpimtsoch.sos-ch-dk-2.exoscale-cdn.com/catalog/3/b/9/6/3b96b230dacb5ed11ede7aca95b64cf809a8a16b_IMG_2975__2.jpeg'}];2026-07-26T04:01:15+02:00
21c691e1-504c-4894-b043-2f4e663c8788;Skihaus Gamperfin;Am Grabserberg auf rund 1'305 Meter über dem Meer steht das Skihaus Gamperfin.;Ganzjährig geöffnet mit Restaurations- und Hotelbetrieb, folgt das innovative Pächterpaar Fabienne & Marcel Wessner stets ihrem Motto "natürlich - eifach - echt". Im Restaurant gibt's regionale und saisonale Produkte, welche mit viel Freude zu leckeren Speisen zubereitet werden. ;9.379277229309084;47.171379819354826;Gamperfin 1769;9472 ;Grabs;+41 81 771 37 43;https://www.skihaus-gamperfin.ch/;[{'@type': 'ImageObject', 'contentUrl': 'https://ttpimtsoch.sos-ch-dk-2.exoscale-cdn.com/catalog/b/8/a/d/b8adfd9ae12711908c75225fd24c624aa06fb744_TOGGI_GAMPERFIN_jan17_RUPA_1096.jpg'}];2026-03-13T09:39:33+01:00
235f3181-fc95-4e52-8db2-fdbff19e73b7;Bäckerei Bleiker;In unserer familiären Bäckerei entsteht jedes Gebäck in echter Handarbeit – natürlich, ehrlich und mit viel Zeit. Besonders stolz sind wir auf unsere Brote aus wertvollem Urdinkel. Traditionelles Handwerk trifft auf ursprünglichen Geschmack – jeden Tag frisch.;<p>In unserer familiengef&uuml;hrten B&auml;ckerei leben wir echtes B&auml;ckerhandwerk &ndash; ehrlich, nachhaltig und mit Herz. Unsere Brote entstehen in sorgf&auml;ltiger Handarbeit, mit viel Zeit und Liebe zum Detail. Wir verwenden ausschliesslich nat&uuml;rliche Zutaten und bevorzugen Rohstoffe aus der Region, wann immer m&ouml;glich. Besonders stolz sind wir auf unsere Brote aus wertvollem Urdinkel &ndash; einer urspr&uuml;nglichen, n&auml;hrstoffreichen Getreidesorte, die f&uuml;r ihren Geschmack und ihre gute Vertr&auml;glichkeit gesch&auml;tzt wird. Tradition und Qualit&auml;t stehen bei uns im Mittelpunkt &ndash; ganz ohne industrielle Zus&auml;tze, daf&uuml;r mit Verantwortung gegen&uuml;ber Mensch, Natur und unserer Heimat. F&uuml;r uns ist Backen mehr als ein Beruf &ndash; es ist gelebte Leidenschaft, famili&auml;res Miteinander und das t&auml;gliche Streben nach echtem Geschmack.</p>;9.1132313;47.3540722;Dorfstrasse;9621;Neckertal;+41713741180;info@baeckerei-bleiker.ch;https://baeckerei-bleiker-ch;[{'@type': 'ImageObject', 'contentUrl': 'https://ttpimtsoch.sos-ch-dk-2.exoscale-cdn.com/catalog/d/b/e/f/dbef04a0e31ebe86d4e872d1ada89cf3fad01338_Bleiker_Zeichenfl__che_1_Zeichenfl__che_1.png'}];2026-03-02T10:44:22+01:00
2524149c-896d-41c6-9019-d214ba14d869;Bäckerei Konditorei Confiserie Café Ziehler Stein;Bei uns spüren Sie die Liebe zum Handwerk noch – wir vereinen Geschichte mit Innovation und kreieren mit Stolz und Akribie zu höchster Qualität praktisch sämtliche Produkte in unserem Sortiment selbst.

Etwas Toggenburg für alle.;Wir sind ein Familienbetrieb in dritter Generation, legen Wert auf Tradition, Regionalität, Innovation und Menschlichkeit. Wir sind ein bunt durchmischter Haufen, vom Lehrling bis zum längst pensionierten Mitarbeiter, der bestens aufeinander eingespielt ist.

Das Summen unserer Betriebsamkeit zieht Geniesser vom ganzen Tal, sowie weit darüber hinaus, an.

Infrastruktur für Zweiräder:
- E-Bike Ladestation
- Wasserhahn der zur Verfügung steht
- Reifen aufpumpen;9.22725;47.19861;Hauptstrasse 296;9655;Stein;071 994 19 90;info@ziehler.ch;https://ziehler.ch/;[{'@type': 'ImageObject', 'contentUrl': 'https://ttpimtsoch.sos-ch-dk-2.exoscale-cdn.com/catalog/d/2/3/b/d23ba2389d8e5c695f144476002cf81a561b5133_b__ckerei_ziehler_220523_anninamilena001_Kopie.jpg'}];2026-07-11T08:34:52+02:00
2e142f54-2010-4386-88ae-38c6d630c690;Alpwirtschaft Leser;Geniessen Sie einige Stunden abseits des Rummels!;Die Alpwirtschaft Leser erreichen Sie zu Fuss oder mit dem Bike. Oben angekommen, werden Sie mit einer einmaligen Aussicht auf den Säntis belohnt. Geöffnet von Juli bis September. 
;9.26127;47.22057;Wies 312;9655;Stein;079 933 07 01;[{'@type': 'ImageObject', 'contentUrl': 'https://ttpimtsoch.sos-ch-dk-2.exoscale-cdn.com/catalog/5/a/5/0/5a50237c64b0d29be6014001ca00c32f938f9df4_TT___Leser_2020.jpg'}];2026-07-14T02:54:03+02:00
2e1de345-60e8-4b51-a947-1471191286c4;Alpwirtschaft Wimpfel;Gerne begrüssen wir Sie in unserer urchigen Alpstube und laden Sie zu gemütlichen Stunden mitten in der Neckertaler Natur ein.;Ganz nach dem Motto: "efach aber herzlich" bieten wir einfache, hausgemachte Speisen an. Beliebt ist unsere Gerstensuppe sowie das Wimpfel- Plättli. Auf Anfrage bekochen wir unsere Gäste gerne mit währschafter Älplerkost.

Bei Heuwetter und Ruhetagen steht Ihnen unsere Selbstbedienung zur Verfügung. Wir danken für Ihr Verständnis.

Anfragen und Reservationen nehmen wir gerne telefonisch entgegen.;9.15290415287018;47.33746976434874;Wimpfel 922;9122;Ebersol;+4171 377 21 10;https://alp-wimpfel.ch/;[{'@type': 'ImageObject', 'contentUrl': 'https://ttpimtsoch.sos-ch-dk-2.exoscale-cdn.com/catalog/4/1/8/1/4181270c7364e3352b50792ca845f4f233e85b09_Alp_Wimpfel_3.PNG'}];2026-01-08T16:08:33+01:00
32bf7c58-540e-4586-b057-028d98d8c47d;Kafi einzigartis...;Gemütlichkeit, Kreativität und Genuss an einem Ort;Eingebettet in eine idyllische Umgebung, direkt am plätschernden Bach und in unmittelbarer Nähe zu beliebten Bike- und Wanderwegen, ist das Kafi einzigartis der perfekte Ort für eine Pause voller Genuss und Inspiration.

Ob ein feines Frühstück (auf Voranmeldung), hausgemachte Desserts oder regionale Spezialitäten – bei uns stehen Gemütlichkeit und Qualität an erster Stelle. Für Kinder gibt es eine liebevoll eingerichtete Spielecke drinnen, einen Spielplatz direkt nebenan und einen Wickeltisch für die Kleinsten.

Tipp für Ausflügler: Kombinieren Sie Ihren Besuch im Kafi mit einem Bummel durch das charmante "kleine Warenhaus" Artis Büro & Freizeit AG. Dort finden Sie auf 120m2 eine sorgfältige Auswahl an Geschenk- und Papeterieartikeln, schöner Mercerie, stilvoller Lingerie und herzigen Kinderkleidern – ein wahres Paradies für kreative Schatzsucherinnen.

Zusätzlich laden unsere Kreativworkshops dazu ein, selbst aktiv zu werden und Neues auszuprobieren – ideal für Gruppen, Familien oder einfach alle, die Lust auf etwas Besonderes haben.

Ob auf dem Familienausflug, der Radtour oder als kreativer Zwischenstopp – das Kafi einzigartis mit der Artis Büro & Freizeit AG ist ein Ausflugsziel, das Herz und Sinne anspricht.;9.0714171;47.3605321;Am Bach 8;9606;Bütschwil;+41 77 261 26 36;info@artisag.ch;https://www.artisag.ch/einzigartis/;[{'@type': 'ImageObject', 'contentUrl': 'https://ttpimtsoch.sos-ch-dk-2.exoscale-cdn.com/catalog/9/4/0/7/94072937cd384745fb62ea5642542bb633afb6c0_Garten_am_Bach.jpg'}];2025-12-19T15:40:51+01:00
3650fd5d-7451-4b07-9b1e-9f0908391298;OSWALD, Bäckerei-Café-Konditorei;Wir, die Bäckerei-Café-Konditorei OSWALD, sind ein Familienbetrieb, der seit über 100 Jahren in der Region etabliert und bekannt ist. Wir verbinden handwerkliches Können mit modernen Abläufen und setzen auf eine sorgfältige Verarbeitung sowie regionale, hochwertige Zutaten.;<p>Unser Sortiment umfasst eine breite Palette an Produkten, darunter verschiedene Sorten Brote und Br&ouml;tchen, regionale Spezialit&auml;ten sowie verschiedenste s&uuml;sse Leckereien. Zus&auml;tzlich laden wir Sie zu entspannten Momenten in unserem Caf&eacute; ein, wo Sie frische Backwaren, Kaffeespezialit&auml;ten und kleine herzhafte Snacks in gem&uuml;tlicher Atmosph&auml;re geniessen k&ouml;nnen.</p>
<p>Das t&auml;glich wechselnde Angebot l&auml;dt Sie dazu ein, die lokale Backkunst zu entdecken &ndash; etwas mitzunehmen oder vor Ort zu konsumieren. Wir legen grossen Wert auf eine kompetente, freundliche Beratung und eine angenehme Atmosph&auml;re in Caf&eacute; und Laden, in der sich Kundinnen und Kunden gut aufgehoben f&uuml;hlen.</p>;9.0687103;47.4102833;Bahnhofstrasse 8;9602;Bazenheid;+41719311081;info@baeckerei-oswald.ch;https://www.baeckerei-oswald.ch;[{'@type': 'ImageObject', 'contentUrl': 'https://ttpimtsoch.sos-ch-dk-2.exoscale-cdn.com/catalog/2/1/6/3/2163214da6039ef36908d6deb178e3809f53157c_P4090004__2.JPG'}];2026-03-02T10:46:51+01:00
3dc366fa-f31f-417b-b060-2ffe2839fcdf;Berggasthaus Rotsteinpass;Das auf 2124 m.ü.M. gelegene Berggasthaus liegt auf einem Pass zwischen dem Säntis und Altmann mit gigantischem Blick ins Toggenburg und Appenzellerland. Trittfeste Wanderer und Kletterer finden hier eine atemberaubende Landschaft.;Geniessen Sie ein feines Bergmenü in unserer heimeligen Gaststube oder auf der Terasse mit einer gigantischen Aussicht. Wir bedienen Sie gerne mit einem stärkenden Menu oder einem erfrischenden Getränk.

Zudem verfügt das Berggasthaus über 80 Matratzenlagerplätze, zwei Doppelzimmer und ein Vierbettzimmer, welche mit Frühstück oder als Halbpension gebucht werden können.;9.365072250366213;47.24301295305826;[{'@type': 'ImageObject', 'contentUrl': 'https://ttpimtsoch.sos-ch-dk-2.exoscale-cdn.com/catalog/b/e/2/4/be242415a5caa183533b999729bb6ae816985a34_DSC02762__002_.JPG'}];2026-06-11T12:18:13+02:00
40473de1-aea1-4772-adcc-4ec078b60fdd;Hotel Restaurant Sternen;Lassen Sie sich in unserem familiär geführten, neu renovierten Dreisternhotel verwöhnen.;<p>Das Hotel-Restaurant Sternen liegt Zentral im Dorf Nesslau. In der N&auml;he sind Bahnhof, Post, Einkaufsm&ouml;glichkeiten. Bekannt f&uuml;r diverse Events. (Party-Time, kulinarische Themenabende etc.)</p><p>&nbsp;</p><p>Auskunft zur Zug&auml;nglichkeit:&nbsp;<a href="https://www.ginto.guide/entries/257ffbab-55f8-4aed-a9d0-b831aeb52764?lnk_src=business" target="_blank" rel="noopener">ginto</a></p>;9.1990226;47.2240571;Hauptstrasse 28;9650;Nesslau;+41 71 994 19 13;sternen-nesslau@bluewin.ch;https://www.sternen-nesslau.ch/;[{'@type': 'ImageObject', 'contentUrl': 'https://ttpimtsoch.sos-ch-dk-2.exoscale-cdn.com/catalog/6/6/a/c/66ac3a7e7ace62997586bf4a2ff133661572cae7_2020_Nesslau_3.jpg'}];2026-05-18T14:59:35+02:00
43704131-0303-4546-8163-92a3d0912114;Bergrestaurant Wolzenalp;Das Bergrestaurant Wolzenalp Rietbach lädt die Besucherinnen und Besucher mit einer grossen Terrasse und mit Panoramablick auf Churfirsten und Säntis zum Verweilen ein. Kinder können sich auf dem Spielplatz austoben.;<p>Die Men&uuml;karte im Berggasthaus bietet eine ausgewogene regionale K&uuml;che f&uuml;r Gross und Klein: Von den w&auml;hrschaften Ch&auml;sh&ouml;rnli und der Siedwurst &uuml;ber R&ouml;stivarianten bis zum hausgemachten Toggenburger Schlorzifladen. Die Portionen sind grossz&uuml;gig, der Geschmack vorz&uuml;glich und die Preise fair. F&uuml;r Ihre Familienfeier, Ihre Vereins- und Gruppenanl&auml;sse stellen wir gerne ab 18 Personen bzw. 15 Personen Ihr gew&uuml;nschtes Buffet zusammen oder den Grill f&uuml;r die Spiessli bereit. Die Buffetvorschl&auml;ge sind ausschliesslich w&auml;hrend des Sommerhalbjahres von Mai bis Oktober erh&auml;ltlich. Teilen Sie uns Ihre W&uuml;nsche mit - wir werden Sie nach M&ouml;glichkeit erf&uuml;llen. Sehr beliebt bei den G&auml;sten ist der Sonntagsbrunch. Selbstverst&auml;ndlich k&ouml;nnen Sie auch an Wochenenden und w&auml;hrend den Schulferien des Sommerhalbjahres auch werktags und mit kleineren Gruppen auf Voranmeldung bei uns brunchen. Wir servieren Ihnen das Fr&uuml;hst&uuml;ck direkt an den Tisch. Im Winter muss es manchmal schnell gehen, wenn der Hunger unserer Skig&auml;ste gross ist. Unser Wintermen&uuml; unterscheidet sich vom Sommerangebot. Beliebt bei Familien ist die "Familienplatte", die prall gef&uuml;llt ist mit Pommes, Schnitzeln, Chicken Nuggets, Wienerli und Bratwurst.</p><p>&nbsp;</p><p>Auskunft zur Zug&auml;nglichkeit:&nbsp;<a href="https://www.ginto.guide/entries/9d222a5c-bd24-4902-b820-9573f3afcdc8?lnk_src=business" target="_blank" rel="noopener">ginto</a></p>;9.1554536;47.2259306;Allmen 1990;9643;Krummenau;+41 71 994 11 81;restaurant@wolzenalp.ch;http://www.wolzenalp.ch;[{'@type': 'ImageObject', 'contentUrl': 'https://ttpimtsoch.sos-ch-dk-2.exoscale-cdn.com/catalog/5/3/3/3/5333126eb011af64f535dda5e38776c5c0fe57dc_Bergrestaurant_Wolzenalp_Terrasse.jpg'}];2026-05-13T13:33:48+02:00
4412d979-a3ac-44b0-b50a-f5dc4120a8e0;Berggasthaus Fuchsacker;Wir liegen auf 1000 m ü.M., gute Zufahrt bis zum Restaurant, sehr ruhig gelegen und mit Panoramasicht Sicht über den ganzen Alpstein.;Herzlich Willkommen im  Berggasthaus Fuchsacker!
Unser Gästehaus liegt am Rand des schönen Appenzeller Landes.
Wir liegen auf 969 m Höhe, von wo Sie einen ergreifenden Blick auf den Alpstein haben. Sie sehen vom Hohen Kasten über den Kronberg bis zum Säntis das ganze Panorama.
In unsrem schönen Gästehaus haben wir Familien- / und Doppelzimmer.
Unser gemütlicher Saal eignet sich perfekt für:
Egal ob Hochzeiten, Geburtstage oder Firmenanlässe. Egal ob Kräuterschweinfilet, Schnitzel Pommes oder Fondue, wir haben die perfekte Location für Sie. Leckeres Essen, guter Wein und das Beste? Ein Blick auf die atemberaubende Bergkulisse! Unser Team wird dafür sorgen, dass Ihre Party unvergesslich wird. Kontaktieren Sie uns heute, um Ihren Anlass bei uns zu planen.;9.2070119;47.361029;Fuchsacker 654;9113;Degersheim;076 297 21 66;fuchsacker@bluewin.ch;http://fuchsacker.ch/;[{'@type': 'ImageObject', 'contentUrl': 'https://ttpimtsoch.sos-ch-dk-2.exoscale-cdn.com/catalog/8/c/b/e/8cbe19708313b1ecd2806fc7daabf564a5e11143_IMG_0887__2.jpg'}];2026-01-05T13:34:52+01:00
469905fa-8539-4b18-b092-714b61a8d415;Café Fortuna;Eingebettet zwischen dem Säntis und den sieben Churfirsten befindet sich das Café Fortuna. Geniessen Sie einen frisch gerösteten Kaffee, knusprige Backwaren oder saisonale Köstlichkeiten aus der Region. ;<p>Wir legen grossen Wert auf guten Kaffee. Bei uns finden Sie eine grosse Auswahl an speziellen Schweizer Getr&auml;nken, wie B&auml;nz-Apfels&auml;fte, Durscher Sirup usw. Wir beziehen unsere Produkte, wenn m&ouml;glich von regionalen Betrieben.</p><p>&nbsp;</p><p>Auskunft zur Zug&auml;nglichkeit:&nbsp;<a href="https://www.ginto.guide/entries/97dd93fa-f3e5-4ff5-9cb8-9f25a066639f?lnk_src=business" target="_blank" rel="noopener">ginto</a></p>;9.308354258537294;47.1968758572793; Dorfstrasse 12;9657;Unterwasser;+41 71 994 91 78;info@cafefortuna.ch;https://www.cafefortuna.ch/;[{'@type': 'ImageObject', 'contentUrl': 'https://ttpimtsoch.sos-ch-dk-2.exoscale-cdn.com/catalog/9/a/1/7/9a173cc2d7f7ba15debce5b8af10a04fcacd641f_Unterwasser_Caf___Fortuna.jpg'}];2026-05-15T08:45:04+02:00
4778c01d-f205-4f60-bd4d-d77e36477246;Toggenburg Distillery;Die Toggenburg Distillery ist die Herstellerin des inzwischen weit über die Grenzen der Churfirsten hinaus bekannten BERMONTIS - Fruchtiger Kräuterlikör sowie dem ersten Bio Knospe zertifizierten Gin der Schweiz, dem TOGGIUS - Bio Dry Gin.;<p>Get&uuml;ftelt, designt und als BERMONTIS GmbH gegr&uuml;ndet im Jahr 2018 stehen wir heute f&uuml;r auserlesenen fl&uuml;ssigen Kr&auml;utergenuss aus dem Toggenburg. Ob in Form von &ldquo;BERMONTIS &ndash; Fruchtiger Kr&auml;uterlik&ouml;r&rdquo;, &ldquo;BERMONTIS &ndash; Kr&auml;uterfondue&rdquo; oder jetzt auch neu mit &ldquo;TOGGIUS &ndash; Bio Dry Gin&rdquo;, stets mit dem Handwerk und der Regionalit&auml;t vor Augen. Produziert im wundersch&ouml;nen Toggenburg, von welchem wir uns auch immer wieder f&uuml;r unsere Produkte inspirieren lassen. Als Toggenburg Distillery GmbH durften wir im Fr&uuml;hling 2023 im gleichen Geb&auml;ude wie die Brauerei St.Johann in Neu St.Johann unsere eigene Distillery und Eventlocation er&ouml;ffnen.</p><p>In unserer Produktion und Eventlocation bieten wir einzigartige Erlebnisse, F&uuml;hrungen und Degustationen sowie auch Gin- &amp;amp; Cocktail-Workshops an. Von einfachen bis exklusiven F&uuml;hrung, mit oder ohne kulinarische Begleitung, wir sind f&uuml;r alle Ideen offen. Packages auf unserer Website.&nbsp;</p><p>Des Weiteren kann unsere Eventtheke auch als Seminarraum f&uuml;r dich und deine Firma gemietet werden.</p>;9.196313023567201;47.22874512549;Alte Webereistrasse 12;9652;Neu St.Johann;+41 79 686 11 28;hallo@toggenburg-distillery.ch;https://www.toggenburg-distillery.ch;[{'@type': 'ImageObject', 'contentUrl': 'https://ttpimtsoch.sos-ch-dk-2.exoscale-cdn.com/catalog/f/1/4/d/f14d2a8aa995c9332f0f32d3f00b8cd433c9f60f_Toggenburg_Distillery_F__hrung__2.jpg'}];2026-01-27T06:52:39+01:00
61b4fd52-1959-4256-ba60-677c5b00cc35;Krone Mosnang;Die Krone Mosnang ist ein Familienbetrieb mit über 130 jähriger Tradition. In 5. Generation geführt, bieten wir eine regionale, bürgerliche Küche an, welche stets mit Modernem kombiniert wird.;<p>FEIERN Es freut uns sehr, mit dem neuen kroneSAAL viel Platz und moderne Gem&uuml;tlichkeit f&uuml;r gediegene Festlichkeiten im gr&ouml;sseren und kleineren Rahmen anbieten zu d&uuml;rfen. Ob Geburtstagsfest, Ap&eacute;ro, Familienfeier, Vereinstreffen oder Hochzeit - wir verw&ouml;hnen Sie rundum mit unseren saisonalen und regionalen Gerichten. TAGEN Die Krone Mosnang ist der ideale Ort f&uuml;r Tagungen, Seminare, Workshops oder Referate. Mit mehreren R&auml;umen unterschiedlichster Art und der neu erstellten kroneLODGE k&ouml;nnen wir Ihnen alles bieten, was Sie f&uuml;r Ihren Anlass ben&ouml;tigen. SCHLAFEN &Uuml;bernachten Sie in unserem modernen G&auml;stehaus, der kroneLODGE. In 10 gem&uuml;tlichen und stilvollen Zweibettzimmern bieten wir die ideale &Uuml;bernachtungsm&ouml;glichkeit. Tr&auml;umen Sie sch&ouml;n... Infrastruktur Zweir&auml;der: - Ladem&ouml;glichkeiten E-Bikes drinnen und draussen - kroneLODGE bietet abschliessbaren Veloraum mit Strom f&uuml;r Lodge G&auml;ste an.</p><p>&nbsp;</p><p>Auskunft zur Zug&auml;nglichkeit: <a href="https://www.ginto.guide/entries/3a1bf073-af40-4cd2-8f5f-7addd45a9a18?lnk_src=business" target="_blank" rel="noopener">ginto</a></p>;9.041178;47.364081;Unterdorf 20;9607;Mosnang;+41 71 983 28 47;info@kronemosnang.ch;http://www.kronemosnang.ch;[{'@type': 'ImageObject', 'contentUrl': 'https://ttpimtsoch.sos-ch-dk-2.exoscale-cdn.com/catalog/f/8/0/8/f808cbf58a4eee7f89b4e81536251689cbeee525_kroneLODGE_Mosnang_1.jpg'}];2026-06-18T23:28:28+02:00
6282ff01-9450-4dc6-9aa2-7b57b867cb8c;Bergrestaurant Iltios;Das Bergrestaurant Iltios bietet lokale, saisonale Produkte sowie eine Sonnenterrasse mit Blick auf die Churfirsten und den Alpstein.;<p>In der schönen Bergwelt des Iltios, in der Mitte des Klangweges und direkt an der Skipiste, auf einem sonnigen Plateau, steht das weitaus bekannte Bergrestaurant Iltios. Mit der grosszügigen Terrasse von 300 Plätzen, angrenzend an unseren schönen Kinderspielplatz servieren wir Ihnen urchige Speisen. Im Restaurant verfügen wir über 70 Plätze, davon 30 mit direktem Ausblick auf den Säntis und das Obertoggenburg. Im Panoramasaal stehen Ihnen 100 Plätze mit Rundsicht zur Verfügung. Das Bergrestaurant Iltios ist barrierefrei zugänglich.</p><p> </p><p>Auskunft zur Zugänglichkeit: <a href="https://www.ginto.guide/entries/3f439469-8eb8-4327-a885-78ced67a2a94?lnk_src=business">ginto</a></p>;9.3125392;47.1851567;Frühweidstrasse 8;9657;Unterwasser;+41 71 999 11 55;iltios@chaeserrugg.ch;https://www.chaeserrugg.ch/de;[{'@type': 'ImageObject', 'contentUrl': 'https://ttpimtsoch.sos-ch-dk-2.exoscale-cdn.com/catalog/1/6/e/6/16e602a2dbde5381b9b2b5714f238cab6f0447e8_TT_Station_Iltios_Sommer_2019__2.jpg'}];2026-06-02T01:02:49+02:00
65073e3d-6225-4569-b853-60811c612854;Gipfelrestaurant Chäserrugg;Wo der Geschmack auf Fernsicht trifft – kulinarischer Hochgenuss mit Weitblick auf 2262 m ü. M., entworfen von Herzog & de Meuron.;<p>Ein Ort der Ruhe und des Genusses Hoch oben auf dem Chäserrugg, dem östlichsten der sieben Churfirsten, erwartet Sie das Gipfelrestaurant Chäserrugg. Auf 2'262 Metern über Meer bietet es nicht nur kulinarische Höhepunkte, sondern auch einen atemberaubenden Panoramablick über sechs Länder. Ob bei strahlendem Sonnenschein oder mystischem Nebel – hier erleben Sie eindrückliche Momente inmitten der alpinen Landschaft. Architektur im Einklang mit der Natur Das von Herzog & de Meuron entworfene Gipfelgebäude fügt sich harmonisch in die Bergwelt ein. Verwendet wurden unbehandelte Hölzer aus der Schweiz – Fichte und Esche – die der Architektur eine schlichte Eleganz und regionale Authentizität verleihen. Die grosszügigen Fensterfronten eröffnen spektakuläre Ausblicke, während die durchdachte Raumgestaltung sowohl Rückzugsorte als auch gesellige Plätze schafft. Rahmenprogramme für unvergessliche Erlebnisse Die Hochebene Rosenboden lädt zu gemütlichen Wanderungen ein. Der Panoramarundweg bietet faszinierende Ausblicke auf über 500 Berggipfel und den Walensee. Für Interessierte werden Architekturführungen angeboten, die spannende Einblicke in die Entstehung und Gestaltung des Gipfelgebäudes geben. Anreise – bequem und barrierefrei Die Anreise zum Chäserrugg gestaltet sich komfortabel: Von Unterwasser gelangen Sie mit der Standseilbahn nach Iltios und von dort mit der Luftseilbahn direkt zum Gipfel. Beide Bahnen sind rollstuhlgängig, und auch das Gipfelgebäude.</p><p>Auskunft zur Zugänglichkeit: <a href="https://www.ginto.guide/entries/2f369494-dd11-48ba-89d2-437c7260d357?lnk_src=business" target="_blank" rel="noopener">ginto</a></p><p> </p>;9.312517031027447;47.155192816331585;-;9657;Unterwasser;+41 71 998 68 10;info@chaeserrugg.ch;http://www.chaeserrugg.ch/;[{'@type': 'ImageObject', 'contentUrl': 'https://ttpimtsoch.sos-ch-dk-2.exoscale-cdn.com/catalog/f/9/c/7/f9c782007d61e32da1bd1861cc07ce9fd8b75a6c_0000660_chaeserrugg_shooting_am_S_24.jpg'}];2026-05-06T11:33:41+02:00
705ba7bc-9080-45fd-b887-337df1196c68;Gasthaus Bad;Idyllisches, altes Gasthaus mit gutbürgerlicher Küche.;In den sanften Hügeln des Toggenburgs, umgeben von majestätischen Bergen und üppigen Wäldern, liegt das Gasthaus Bad Hemberg wie ein verborgener Schatz. Die Geschichte dieses Gasthauses reicht weit zurück, in eine Zeit, als Reisende noch auf Pferden ritten und die Wege durch die Täler von Geschichten über alte Sagen und Legenden erfüllt waren.

Heute erwartet Sie Gastfreundschaft und gutbürgerliches Essen im idyllisch gelegenen Gasthaus Bad Hemberg. Es gibt eine kleine, aber feine Menükarte mit frischen Zutaten aus der Region und einfache, preiswerte Übernachtungsmöglichkeiten.;9.167572623149695;47.2900226;Badstrasse 27;9633;Hemberg;+4177 415 92 03;tschumperrita@gmail.com;https://www.gasthausbad-hemberg.ch/;[{'@type': 'ImageObject', 'contentUrl': 'https://ttpimtsoch.sos-ch-dk-2.exoscale-cdn.com/catalog/6/2/c/b/62cb494f0ccb74048abfcc471531dc4e776f04e0_IMG_2024_06_04_12_16_32_355.jpg'}];2026-05-14T17:18:44+02:00
72d7a02c-1690-4dad-87b9-d029ced5ee85;Café Central;In unserem Café treffen sich Tradition und Weltoffenheit in einer gemütlichen Atmosphäre. Bei uns geniessen Sie eine Auswahl aus Grosis Küche, regionalen Spezialitäten und mediterranen Köstlichkeiten.;Wir sind ein willkommenes Ausflugsziel und ein Treffpunkt für Wanderer, Velo- und Töfffahrer sowie Familien im sonnenverwöhnten Kirchberg. Wir fertigen die ortsbekannten Desserts und Birchermüsli nach traditionellen Rezepten selbst. Das Café Central ist ein Ort der persönlichen Begegnungen, des Austauschs und der Geselligkeit. Bei uns geniessen Sie eine entspannte Zeit bei Znüni, Mittagessen, Kaffee &amp; Kuchen, einem süssen oder salzigen Zvieri. Auch unser Brunch und unsere Anlässe sind einen Besuch wert.;9.039407547862178;47.4111488;Tellstrasse 2;9533;Kirchberg;+41 71 931 11 76;info@central-kirchberg.ch;https://central-kirchberg.ch;[{'@type': 'ImageObject', 'contentUrl': 'https://ttpimtsoch.sos-ch-dk-2.exoscale-cdn.com/catalog/b/c/0/2/bc02c02eeae1404858997cb5a4184901a68895ac_Cafe_Central_5.jpg'}];2026-03-31T11:08:48+02:00
72ed6fb8-7040-4105-af68-95fe4f179c85;Buurebeizli Dergeten;Das Buurebeizli Dergeten mit besonderem Charme ist Ausgangspunkt für schönste Wanderungen im Speer-Goggeien Gebiet.;<p>Die K&auml;sekn&ouml;pfli und der selbstgemachte Eistee von Familie Stauffacher haben sich herumgesprochen. Einheimische wie ausw&auml;rtige Besucher finden sich im &laquo;Buurebeizli Dergeten&raquo; zu einem guten Essen ein. Die Gastwirtschaft ist rustikal mit Spielplatz und Buurehof zum Aluege. Buchbar: Ganzj&auml;hrig per Telefon oder Mail, Personen: Innen 40 / Aussen 50</p><p>&nbsp;</p><p>Auskunft zur Zug&auml;nglichkeit: <a href="https://www.ginto.guide/entries/a190756a-143d-48c4-a940-8dbf4a97b916?lnk_src=business" target="_blank" rel="noopener">ginto</a></p>;9.1897258;47.1932008;Dergeten-Laad;9650;Nesslau;+41 71 994 15 67;info@buurebeizli-dergeten.ch;http://www.buurebeizli-dergeten.ch;[{'@type': 'ImageObject', 'contentUrl': 'https://ttpimtsoch.sos-ch-dk-2.exoscale-cdn.com/catalog/6/4/e/5/64e5dd8fdba942983ff0e32bdfbdc97b71fd1fb7_DJI_0041.JPG'}];2026-07-14T00:10:07+02:00
7e77fc5b-c5a8-4254-91e5-23f131c601a0;Restaurant Krone Ennetbühl;Unser Restaurant, im kleinen Dorf Ennetbühl am Fusse des Säntis, bietet eine gemütliche und heimelige Atmosphäre für jeden Anlass. Wir bedienen Sie gerne mit einer gutbürgerlichen Schweizerküche. ;<p>Bei uns k&ouml;nnen Sie ein preiswertes Mittagsmenu, etwas aus der Speisekarte, einen feinen Coupe oder den wohlverdienten Feierabend geniessen. Wir pflegen gerne den Kontakt mit unseren G&auml;sten, denn Ihr Wohl ist uns wichtig. Mit unseren verschiedenen R&auml;umlichkeiten haben wir f&uuml;r jeden Anlass das richtige Angebot. Daf&uuml;r stellen wir Ihnen gerne passende Menuvorschl&auml;ge zusammen, bei welchen wir immer grossen Wert auf Qu&auml;lit&auml;t und Regionalit&auml;t legen.&nbsp;</p><p>Wir freuen uns &uuml;ber Ihren Besuch!</p>;9.21149;47.24076;Dorf 903;9651;Ennetbühl;071 994 19 93;koertle@bluewin.ch;http://www.krone-ennetbuehl.ch/;[{'@type': 'ImageObject', 'contentUrl': 'https://ttpimtsoch.sos-ch-dk-2.exoscale-cdn.com/catalog/2/2/3/3/22336121356a66b737b41bcaeddc8741eaa5482f_00_Restaurant_Krone__2.jpg'}];2026-08-08T18:31:14+02:00
8b6c874b-d5a6-4ef0-80bd-6cb4a55530bb;Bäckerei und Café - Ziehlers Wöschhüsli in Nesslau;Ein Raum zwischen Kirche und Gemeindehaus im Herzen von Nesslau, oberhalb von unserem Wöschhüsli Café. Dort finden Sie Privatsphäre, feinster Genuss durch unsere Ziehler Köstlichkeiten, top Service und ein liebevoll eingerichtetes Ambiente. Zum Mieten exklusiv für Sie.;Direkt an der Hauptstrasse von Nesslau, im Herzen des Dorfes. Zwischen Kirche und der Gemeinde, befindet sich unser neu eröffnetes Wöschhüsli. Ein Ort mit bestem Kaffee, feinsten Köstlichkeiten von unserem Hauptstandort Ziehler in Stein SG und einer gemütlich einladenden Atmosphäre, lädt herzlichst zum Verweilen ein. Mieten Sie unseren separaten Raum, oberhalb von unserem Café. Das Sie mitten drin in unserem wunderschönen Toggenburg sind und trotzdem ihren eigenen Raum haben. Ob für einen Hochzeitsapéro, als Sitzungsraum, Geburtstagsfestli oder Puzzleplausch. Unser liebevoll eingerichtetes Ambiente passt sich hervorragend ihren Ideen an! Wir freuen uns über jede Anfrage die Ihnen in den Sinn kommt.;9.199530094066013;47.22480575;Hauptstrasse 35;9650;Nesslau;071 994 19 90;info@ziehler.ch;https://ziehler.ch/;[{'@type': 'ImageObject', 'contentUrl': 'https://ttpimtsoch.sos-ch-dk-2.exoscale-cdn.com/catalog/f/3/2/1/f321708bff3a34455df3852bd318418e7bf52c49_11___bildgut_ziehler08345_LQ__2.jpg'}];2026-07-26T14:27:46+02:00
8e1a4395-a956-4d2e-946f-ce50642e49fb;Käse Restaurant Berghof;Ausflugsrestaurant mit Platz für 80 Personen, gemütliche Gartenwirtschaft und grosser Kinderspielplatz. Schüür für Events, Übernachtungsmöglichkeiten in urchigen Mehrbettzimmern, Einkaufen im Berghof Laden.;Unsere Küche ist bekannt für gutbürgerliches Essen mit verschiedenen Käsespezialitäten und anderen leckeren Mahlzeiten. In der Bio-Käserei produzieren wir verschiedene Bio-Käsespezialitäten und bieten diese zum Kauf im Restaurantladen an. In der urchigen Berghof-Degu-Schüür ist Platz für 80 Personen. Sie ist mit modernster Infrastruktur eingerichtet und bietet Platz für jeden Anlass. Kommen Sie zu uns, wir haben immer etwas passendes für Sie. Es freut sich Melchior und Vreni mit Karin Schoch und das Berghofteam.;9.0918189;47.3663522;Aewil 487;9608;Ganterschwil;+41 71 983 15 72;info@berghof-ag.ch;http://www.berghof-ag.ch;[{'@type': 'ImageObject', 'contentUrl': 'https://ttpimtsoch.sos-ch-dk-2.exoscale-cdn.com/catalog/3/0/6/e/306e93c08ad78c14b848094efb321f0283c62a89_wohnmobilstellplatz_restaurant_k__serei_berghof_413551.jpg'}];2026-07-31T16:55:13+02:00
91e8e76f-99f2-4aef-b317-cd893b674c60;Skiclubhütte Altschen;Die Skiclubhütte präsentiert sich als charmantes Bergrestaurant. Sie bietet Platz für bis zu 40 Personen und lädt mit ihrer gemütlichen Sonnenterrasse zum Verweilen und Geniessen ein, ergänzt durch einen liebevoll gestalteten Spielplatz für die kleinen Gäste.;<div><p>Vom Arvenb&uuml;el aus erreichst du die Skiclubh&uuml;tte Altschen auf einem rund 30‑min&uuml;tigen, gut begehbaren Wanderweg in Richtung Vordere H&ouml;hi. Der Weg f&uuml;hrt durch eine abwechslungsreiche Landschaft mit offenen Wiesen und immer wieder sch&ouml;nen Ausblicken auf die umliegende Bergwelt. Besonders an klaren Tagen lohnt es sich, einen Moment innezuhalten und die Ruhe sowie die frische Bergluft zu geniessen.</p><p>Die Skiclubh&uuml;tte Altschen selbst liegt idyllisch eingebettet inmitten der Natur und l&auml;dt zum Verweilen ein &ndash; ob als Zwischenstopp f&uuml;r eine kleine St&auml;rkung oder als Ziel einer gem&uuml;tlichen Wanderung. Die H&uuml;tte bietet eine angenehme Atmosph&auml;re f&uuml;r Erholungssuchende, Familien und Sportbegeisterte gleichermassen.</p><p>Von hier aus er&ouml;ffnen sich zahlreiche weitere Wanderm&ouml;glichkeiten in verschiedene Richtungen. Ambitionierte Wanderer k&ouml;nnen ihre Tour ausdehnen und die umliegenden Gipfel oder H&ouml;henwege erkunden, w&auml;hrend Genusswanderer die sanfteren Routen bevorzugen k&ouml;nnen.</p><p>Ebenfalls ist die H&uuml;tte ein beliebter Stopp f&uuml;r die Velotour ins Toggenburg. Viele Biker sch&auml;tzen die Strecke wegen ihrer abwechslungsreichen Abschnitte und der herrlichen Aussicht. Die Kombination aus sportlicher Aktivit&auml;t und landschaftlicher Sch&ouml;nheit macht diesen Ort zu einem attraktiven Ziel f&uuml;r Naturliebhaber.</p></div>;9.1859442;47.1601472;Vorderhöhistrasse;8873;Amden;079 500 19 65;rebekka@scamden.ch;https://www.amden-weesen.ch/gastronomie/skiclubhuette-altschen-9e612aa0c8;[{'@type': 'ImageObject', 'contentUrl': 'https://ttpimtsoch.sos-ch-dk-2.exoscale-cdn.com/catalog/e/c/c/e/ecce4f148270431e48b1700282f70a8ae1ecae82_amden_restaurant.jpg'}];2026-04-22T14:30:52+02:00
94080953-9f21-4280-a2e2-29e8f640e7ce;Gasthaus Hulftegg;Ausflugsziel Hulftegg mit einem Rundweg und Indoor Hüpfburg für Kinder. Ganzjährig offen.;<p>Ab Hotel Wanderparadies zu den 7 Bergbeizli, Hulftegg Rundweg auch im Winter unterhalten. Panorama-Terrasse mit Blick ins Toggenburg bis zum Bodensee. Velo und Motorradtreff. Zentral f&uuml;r Ausfl&uuml;ge Z&uuml;rich - Ostschweiz. Sonntags Brunch. Ideal auch f&uuml;r Tagesseminare. Menus f&uuml;r Gruppen (Cars, Vereine etc.)</p><p>&nbsp;</p><p><span data-teams="true">Auskunft zur Zug&auml;nglichkeit: <a href="https://www.ginto.guide/entries/E9861A3E-A151-4CDD-BB63-CB4F956CFF4E?lnk_src=business" target="_blank" rel="noopener">ginto</a></span></p>;8.9672148;47.3633029;Hulftegg 907;9613;Mühlrüti;+41 71 983 33 66;info@hulftegg.ch;http://www.hulftegg.ch/;[{'@type': 'ImageObject', 'contentUrl': 'https://ttpimtsoch.sos-ch-dk-2.exoscale-cdn.com/catalog/e/3/a/0/e3a0909413632d44ca0c4ced2a6831459b4acc5e_Hulftegg7.jpg'}];2026-06-02T01:56:04+02:00
987aeef1-6fce-4f6a-9186-bdb97dac0656;Berggasthaus Stöfeli;Das traditionelle Berggasthaus Stöfeli  liegt auf 1662 m ü. M. und beherbergt Gruppen bis 60 Personen.;Sich mitten im Chäserrugg-Gebiet zurückziehen, den Sonnenuntergang aus der Stube geniessen, den Tag bei einem Fondue ausklingen lassen und tief schlafen in gepflegten Zimmern mit gemütlicher Atmosphäre. Im Winter ist es mit den Ski oder der Gondelbahn und im Sommer zu Fuss oder mit der Luftseilbahn zu erreichen.;9.312350700000025;47.1715985;Talstation Chäserrugg;9657;Unterwasser;+41 71 998 68 10;stoefeli@toggenburgbergbahnen.ch;http://www.chaeserrugg.ch/;[{'@type': 'ImageObject', 'contentUrl': 'https://ttpimtsoch.sos-ch-dk-2.exoscale-cdn.com/catalog/7/3/d/e/73de34c2c14682eae4883b16c5e7d434749b11ff_TT_Berggasthaus_Stoefeli_Smmer_2019_3.jpg'}];2026-05-06T14:37:35+02:00
aa45e1bd-a179-4584-b7b9-2fb7b296ab3a;Bergwirtschaft Köbelisberg;Der «Köbelisberg» ist im Winter und Sommer ein Ausflug wert. Die Wirtschaft auf dem Köbelisberg ist ein häufig gewähltes Wanderziel.;Nach ca. 45 Gehminuten erreicht man die Bergwirtschaft Köbelisberg. Ab Parkplatz Burg (nähe Wasserfluh). Entschädigt für den einfachen Aufstieg wird man mit einem wunderschönen Panorama. Im Winter darf man sich den Fondue- oder Raclettplausch vor einer rasanten Schlittelfahrt nicht entgehen lassen. Im Sommer werden Sie mit einem Köbeli-Teller verwöhnt. Unser neues Massenlager bietet Platz für 10 Personen. Geniessen Sie ein feines Essen und staunen über das Sternenpanorama. Am nächsten Morgen sind Sie als Erster auf dem Berg und haben vielleicht noch die Gelegenheit scheues Wild zu beobachten und dann ein reichhaltiges Frühstück zu geniessen.;9.1094641;47.3139253;Köbelisberg;9620;Lichtensteig;+41 79 479 95 57;team@koebelisberg.com;https://koebelisberg.com/;[{'@type': 'ImageObject', 'contentUrl': 'https://ttpimtsoch.sos-ch-dk-2.exoscale-cdn.com/catalog/4/d/a/6/4da644b151104cde48b85eb26ca06ca85e673b72_K__belisberg07_Juni2018_TT.jpg'}];2026-07-15T08:42:37+02:00
b02d6372-dd9b-4716-9ab3-89a4ba560d51;Brauerei St. Johann;Wir sind eine Kleinbrauerei in Neu St. Johann und brauen diverse Biersorten. ;Die Brauerei St. Johann steht seit 2012 für Bierkultur im Toggenburg. Handwerklich gebraute Spezialbiere höchster Qualität für den Genuss Zuhause, im Restaurant oder in der Brauereibar & im Biergarten erfreuen sich grosser Beliebtheit. Rund 1100 Bierliebhaberinnen & -liebhaber sind begeisterte Mitbesitzer der Brauerei St. Johann

Wollen Sie wissen, wie im Toggenburg Bier gebraut wird? An der Brauereiführung erfahren Sie, wie aus Wasser, Malz, Hopfen und Hefe Bier entsteht und werfen einen Blick in den Braukeller. Führung durch die Brauerei inklusive Lagerkellerdegustation.

;9.1966349;47.228962;Toggenburgerstrasse 3;9652;Neu St. Johann;+41 71 994 19 32;info@brauereistjohann.ch;https://www.brauereistjohann.ch/;[{'@type': 'ImageObject', 'contentUrl': 'https://ttpimtsoch.sos-ch-dk-2.exoscale-cdn.com/catalog/d/3/1/9/d319e19bc11fca1ca23cbc256d405aedcd2535a6_IMG_0859.jpg'}];2026-07-25T12:52:03+02:00
b12d54a6-ca18-4d07-9c34-2fb1ec9c3442;MAJO - Pop-up-Restaurant;MAJO ist ein Pop-up-Restaurant im Herzen von Lichtensteig – und eine Einladung zu bewusstem Genuss. Von Oktober 2025 bis April 2026 bieten die Brüder Maurus und Jonas Huber in der Rathaus Stube kulinarische Erlebnisse und lustvolle Gerichte mit regionalen und biologischen Zutaten;Im MAJO wird Slow-Food-Philosophie gelebt – beim spontanen Snack, beim raffinierten Vier-Gang-Menü. MAJO ist ein Ort der Begegnung, an dem die Tische für Gemeinschaft, Genuss und Geschichten gedeckt werden. Ein Ort, an dem Nachhaltigkeit mit kulinarischem Vergnügen Hand in Hand geht.;9.087048104755034;47.32344085;Hauptgasse 12;9620;Lichtensteig;+41 78 204 50 50;info@majo.menu;https://majo.menu/;[{'@type': 'ImageObject', 'contentUrl': 'https://ttpimtsoch.sos-ch-dk-2.exoscale-cdn.com/catalog/5/9/d/6/59d686b235b51444a4eb3f43955358702a4baf7c__DSF4913.jpg'}];2025-12-19T15:40:55+01:00
b154f25c-24b9-4515-bfc3-c1a825df8a08;Bankk Music-Bar;Wir sind eine Bar, in der Sie bei einem Drink entspannen und dabei coole Musik geniessen können.;Monika Preisig hat als gelernte Hotelfachfrau bereits über 30 Jahre Erfahrung in den Bereichen Gastronomie, Hotellerie, Barbetrieb und zuvorkommende Bewirtung von freundlichen Gästen.
In der Bankk Music-Bar können sie in lockerer Umgebung bei guter Musik, entweder Live oder ab Konserve, den Abend geniessen und mit Freunden plaudern. 

Die Bankk Music-Bar befindet sich in Wildhaus mit vielen Freizeitangeboten wie wandern im Sommer und Skifahren im Winter.;9.34428781270981;47.202193969809755;Hauptstrasse 114;9658;Wildhaus;+41762000579;info@bankk.ch;https://www.bankk.ch;[{'@type': 'ImageObject', 'contentUrl': 'https://ttpimtsoch.sos-ch-dk-2.exoscale-cdn.com/catalog/8/5/1/f/851f24063e5a6fe1053557bd4454fab8034074a5_Bankk.png'}];2025-12-19T15:39:40+01:00
b7e66fcb-e47b-4611-98cc-b70885b5d9c3;Reisebeizli;Reisebeizli Lichtensteig: Kulinarik und Musik mit Herz. Jeden Monat neue Drinks, am Wochenende Foodtrucks mit Weltküche – ein Treffpunkt im Toggenburg.;<div>Das Reisebeizli ist ein gem&uuml;tlicher Treffpunkt im Herzen von Lichtensteig im Toggenburg. Hier wird Gastfreundschaft gelebt &ndash; mit einem vielseitigen Programm aus Kulinarik, Musik und Herzlichkeit. Jeden Monat reisen wir mit unseren Drinks an einen anderen Ort, und an den Wochenenden darf man wechselnde Foodtruck‑K&ouml;stlichkeiten aus aller Welt geniessen.</div>;9.0877106;47.3221042;Hauptgasse 12;9620;Lichtensteig;+41 79 388 28 31;reisebeizli@gmail.com;https://www.reisebeizli.ch;[{'@type': 'ImageObject', 'contentUrl': 'https://ttpimtsoch.sos-ch-dk-2.exoscale-cdn.com/catalog/e/a/8/2/ea82909630eac994e49f3ec67c951bbf0506826a_WhatsApp_Image_2025_05_14_at_15.05.16__1___2.jpg'}];2026-08-03T16:26:09+02:00
c19710f0-2c4e-4b9c-bf70-dea603b78093;Schlittelbeizli in der Schneit;Für eine gemütliche Wander- oder Schlittelpause;Das Wander- und Schlittelbeizli in der Rüti im Ijental Nesslau ist jeweils offen am Samstag &amp; Sonntag bei jedem Wetter. Sie werden von Albert und Rös Wittenwiler herzlich willkommen geheissen. Wochentags haben wir auf Anfrage ab sieben Personen mit Essen geöffnet.

Mit der üblichen Getränke- und einer kleinen Imbisskarte möchten Albert und Rös Wittenwiler Ihnen im Wander- und Schlittelbeizli Rüti etwas Gemütlichkeit bieten. Auf Bestellung werden Käsefondue und sonntags Rüti Zmorge sowie kleinere Wünsche zubereitet. 

Ob das Beizli geöffnet ist, erfahren Sie anhand der Infotafel bei der Einfahrt zur Schneitstrasse in Nesslau und die Google-Öffnungszeiten sind stets aktuell.;9.17615;47.21291;Rüti;9650;Nesslau;079 681 57 76;a.wittenwiler@bluewin.ch;https://www.toggenburg.swiss;[{'@type': 'ImageObject', 'contentUrl': 'https://ttpimtsoch.sos-ch-dk-2.exoscale-cdn.com/catalog/4/5/5/5/4555af4da6c356f50cf28620f151c28b44b1cd17_Schlittenweg_Schneit_013.JPG'}];2025-12-18T13:47:25+01:00
c5307d68-02a6-403d-94f5-c846d79b3df4;Café-Konditorei Kunz;Wir sind ein kleiner Familienbetrieb in 3. Generation. Wir setzen auf Handarbeit und schonenden Umgang mit möglichst regionalen, natürlichen und frischen Rohstoffen zu einem guten Preis-Leistungsverhältnis.;<p>Im Café Kunz steht der Gast im Mittelpunkt. Wir möchten, dass Sie sich bei uns wie zu Hause fühlen. Unser freundliches und aufmerksames Team sorgt dafür, dass Ihr Besuch zu einem besonderen Erlebnis wird. Egal, ob Sie eine Geburtstagsfeier planen, eine Veranstaltung ausrichten oder einfach nur einen gemütlichen Nachmittag verbringen möchten – wir sind immer für Sie da und bieten Ihnen den bestmöglichen Service. Im Sommer haben Sie auch die Möglichkeit draussen das schöne Wetter zu geniessen in unserem ruhigen Gartencafé. Wir bieten ein grosses Konditorei-Confiserie und Bäckerei Sortiment an. Verschiedene Menues, Imbisse, kalte und warme Getränke sowie verschiedene Coupes stehen immer auf unserer Karte. Jeden Sonntag können Sie zudem einen feinen Brunch an unserem reichhaltigen Buffet geniessen. Damit es Ihren Kindern nicht langweilig wird, wenn Sie gemütlich Kaffee trinken, haben wir für unsere Kleinen eine Kinderecke eingerichtet. Sind Sie «gluschtig» geworden? Schauen Sie doch einmal bei uns in Ebnat-Kappel vorbei.</p>;9.1252864;47.2610231;Ebnaterstrasse 35;9642;Ebnat-Kappel;+41 71 993 18 65;konditor@cafekunz.ch;http://www.cafekunz.ch;[{'@type': 'ImageObject', 'contentUrl': 'https://ttpimtsoch.sos-ch-dk-2.exoscale-cdn.com/catalog/b/5/4/a/b54a7d0790e786fa089a91aa2849ff0837d9db0b_Haus_2021.jpg'}];2026-08-06T04:01:27+02:00
c56f45ca-5781-4edf-816c-485fcfce845e;Gasthaus zur Mauer;Das Gasthaus zur Mauer verbindet historischen Charme mit moderner Küche. In authentischem Ambiente geniessen Sie frisch zubereitete, saisonale Gerichte mit regionalen Zutaten – ein Ort, an dem Tradition und zeitgenössischer Genuss harmonisch aufeinandertreffen.;<p>Das Gasthaus zur Mauer ist ein Geb&auml;ude aus dem 16. Jahrhundert, in dem Sie mit lokalen Spezialit&auml;ten verw&ouml;hnt werden. Der Fokus der K&uuml;che liegt auf zeitgen&ouml;ssischen Gerichten &ndash; saisonal abgestimmt und mit viel Liebe zubereitet.<br>Die Produkte werden zu einem grossen Teil direkt von Produzenten und Lieferanten aus der Region bezogen.</p>;9.196623392338866;47.229042199636694;Toggenburgstrasse 3;9652 ;Neu St. Johann;076 509 45 84;service@zurmauer.ch;https://zurmauer.ch/;[{'@type': 'ImageObject', 'contentUrl': 'https://ttpimtsoch.sos-ch-dk-2.exoscale-cdn.com/catalog/7/3/6/5/73650c720c3555872f42dd878efaf0b0880a5eac_Zur_Mauer_111.jpg'}];2026-06-30T17:00:21+02:00
c8d85cd8-7732-4473-84ed-649c7444af14;Mikado Johanneum;Das Mikado ist ein öffentliches Gastronomiegebäude, wo Menschen mit und ohne Beeinträchtigung willkommen sind. Darin befindet sich ein Restaurant, ein Speisesaal und einen Shop mit hauseigenen Produkten, wo man zum "Kafi-Chränzli", Mittagessen oder an einem Anlass verwöhnt wird.;Im MIKADO sind Menschen mit und ohne Beeinträchtigung gleichermassen willkommen und der Speisesaal, das Restaurant und der Shop sind für die breite Öffentlichkeit geöffnet. Hausgemachte Spezialitäten, feine Snacks, Verpflegung und erfrischende Getränke laden zum Geniessen und Verweilen ein.
Dank barrierefreier Gestaltung und öffentlicher Zugänglichkeit entsteht hier ein lebendiger Treffpunkt, der Menschen unterschiedlichster Hintergründe verbindet. 
Das neue Gastronomiegebäude steht auch für Vereine, Firmen und private Gruppen zur Verfügung. Ob Vereinsversammlung, Firmenapéro oder Familienfeier – das MIKADO bietet die passende Infrastruktur, ein stimmungsvolles Ambiente und gastronomische Begleitung aus einer inklusiven Küche, die für Qualität, Regionalität und Wertschätzung steht.
Ein integrierter Shop bietet Produkte aus den hauseigenen Werkstätten des Johanneums an. Handgemacht, nachhaltig und mit sozialem Mehrwert.;9.192439913749697;47.22957213109569;Johanneumstrasse 3;9652;Neu St. Johann;+41 71 995 51 51;info@johanneum.ch;https://www.johanneum.ch/;[{'@type': 'ImageObject', 'contentUrl': 'https://ttpimtsoch.sos-ch-dk-2.exoscale-cdn.com/catalog/2/6/9/9/2699cc36a4722a89ef22766936f56e83089d9d7c_IMG_1135.jpg'}];2025-10-29T21:15:29+01:00
d48660fc-7f65-4ae9-88c8-0d17691d0a4d;Alpwirtschaft Unterbächen;Eine Alpwirtschaft mit herrlicher Aussicht ins untere und obere Toggenburg.;Ob Sie nun den Weg zu uns zu Fuss, mit dem Bike oder mit dem Auto in Angriff nehmen, bei uns können Sie ankommen und geniessen. ;9.1027653;47.2452274;Unterbächen;9642;Ebnat-Kappel;071 993 36 36;[{'@type': 'ImageObject', 'contentUrl': 'https://ttpimtsoch.sos-ch-dk-2.exoscale-cdn.com/catalog/c/f/0/3/cf0346a6d29e40a44126f16bfbd7268b76d74f58_IMG_4323.jpeg'}];2026-08-03T00:21:28+02:00
d4b7cad2-1109-46ca-8a62-d05536ebc18e;Restaurant Esszeit;Frisch zubereitete asiatische Gerichte – schnell, lecker und unkompliziert.;<p>Frisch gekochte asiatische Speisen. Buffet, all you can eat. Preis Mittag inkl. 5 dl Getr&auml;nk 21.50, Preis Abend inkl. 5 dl Getr&auml;nk 23.50 CHF. Fast casual restaurant, Selbstbedienung. Gratis Parkpl&auml;tze.</p>;9.072132110595705;47.383169505477916;lerchenfeld 416;9601;Lütisburg Station;info@esszeit.ch;https://www.esszeit.ch;[{'@type': 'ImageObject', 'contentUrl': 'https://ttpimtsoch.sos-ch-dk-2.exoscale-cdn.com/catalog/d/0/a/6/d0a655b0ed6918e138d62241106fba414ec75ffe_Logo_Esszeit_Lerchenfeld.jpg'}];2026-06-25T14:47:44+02:00
d5704aad-395a-4122-aa39-e42f77fd5b2a;Café Abderhalden Bäckerei Konditorei;Café Abderhalden in Wattwil: Täglich frisch gebacken! 

Starten Sie Ihren Tag mit unserem reichhaltigen Bäcker-Zmorge oder gönnen Sie sich nachmittags eines unserer köstlichen Desserts. Auf unserer Sonnenterrasse lässt es sich wunderbar entspannen.;Café Abderhalden – Ihr Stück Toggenburg

Geniessen Sie die warmen Sonnenstrahlen auf unserer gemütlichen Terrasse und lassen Sie sich von unseren Köstlichkeiten verwöhnen. Starten Sie Ihren Sonntagmorgen mit unserem traditionellen Bäcker-Zmorge. Frische Brote, feine Zöpfe und hausgemachte Konfitüren lassen keine Wünsche offen.

Nachmittags verführen unsere Konditoren Sie mit einer Vielfalt an Kuchen und Torten. Ob eine cremige Kugel hausgemachter Glacé, ein feinest Stück Torte oder unseren Klassiker, der Schlorzifladen – bei uns finden Sie garantiert Ihr Lieblingsstück.

Besuchen Sie uns und erleben Sie die Schweizer Gastfreundschaft in vollen Zügen!;9.0867482;47.3029247;Poststrasse 22;9630;Wattwil;+41 71 988 11 55;info@cafe-abderhalden.ch;http://www.cafe-abderhalden.ch;[{'@type': 'ImageObject', 'contentUrl': 'https://ttpimtsoch.sos-ch-dk-2.exoscale-cdn.com/catalog/a/8/3/b/a83bec6c892f89bd63ec7e79eab9011acd822b63_DSC01168.jpg'}];2026-08-04T16:22:39+02:00
db1be4d2-b9f6-4618-ae57-ac248701720a;Wirtschaft Rumpf Waldegg;Klein aber fein!
Herzlich Willkommen im Restaurant Waldegg Rumpf (Wattwil)
Es begrüssen Sie Denise Brütsch und Christian Schlegel
Seit 2019 bewirten wir mit unserem Team das Restaurant Waldegg Rumpf und freue mich über Ihr Kommen!;Ein Auszug aus unserer kleinen, feinen Küche
Täglich wechselnde saisonale Mittagsmenü
Hausgemachte Cordon Bleu und frische Salate. Fitnessteller mit Schnitzeli Wurstsalat oder Wurst-Käs- Salat und Feine Vesperplättli

Naherholungsgebiet und Wanderland Rumpf
Wanderwege rund um den Rumpf:
Als Zwischenhalt in die Chrüzegg (Rumpf - Chrüzegg: 75Min zu Fuss)
oder ins Schwämmli via Bachstrasse (Rumpf - Schwämmli: 80min zu Fuss)
oder als Abstecher vom Jakobsweg (Iburg Wattwil - Rumpf - Stoss);9.048222;47.2943496;Rumpf 794;9630;Wattwil;141793505376;rumpf.waldegg@gmail.com;https://restaurant-rumpf-waldegg.jimdosite.com/;[{'@type': 'ImageObject', 'contentUrl': 'https://ttpimtsoch.sos-ch-dk-2.exoscale-cdn.com/catalog/f/d/4/7/fd47678be2a9f8cb72bb1cea4988677bc9704cbf_hauptbild.jpg'}];2025-12-19T15:40:55+01:00
e3713931-6018-4068-b8f5-a478a856b246;Gasthaus zum Schäfli;Unserem Gasthaus ist es ein grosses Anliegen, individuell und persönlich auf Ihre Wünsche einzugehen.  Beim  Gasthaus zum Schäfli steht der Gast mit seinen Wünschen im Vordergrund. Unsere Tätigkeit ist nicht nur unser Beruf, sondern auch unsere Leidenschaft. Wir würden uns freuen, Sie zu unseren zufriedenen Kunden zu zählen.;9.283800345257692;47.1943987;Dörflistrasse 3;9656;Alt St. Johann;071 999 24 42;info@schaeflisepp.ch;https://www.schaeflisepp.ch/;[{'@type': 'ImageObject', 'contentUrl': 'https://ttpimtsoch.sos-ch-dk-2.exoscale-cdn.com/catalog/e/d/6/3/ed63c0616a72578552fd5ccc7879bc0ec0ee8aad_20250116_114059.jpg'}];2026-07-17T04:17:59+02:00
e6b4a1d1-0d50-490c-a0e4-b00a672ee956;Kafi-Egge Pluspunkt;Gemütlich Kaffee trinken und einander begegnen. Der Dorfladen Pluspunkt mitten in Mühlrüti verfügt über eine kleine Kaffee-Ecke. Geöffnet während der Ladenöffnungszeiten.;8.98704;47.37096;Kirchweg 1;9613;Mühlrüti;+41 71 983 35 17;muehlrueti@prima.ch;[{'@type': 'ImageObject', 'contentUrl': 'https://ttpimtsoch.sos-ch-dk-2.exoscale-cdn.com/catalog/a/4/7/6/a4766a3c21d9bbaba61a4ea4f14875d0c76c7448_TT_Pluspunkt_M__hlr__ti_01.jpg'}];2026-07-11T08:35:16+02:00
e81a458b-2303-4034-a48a-7fe5d6546a81;Restaurant National;Dorfbeiz mit Charakter, mit gemischtem Publikum, feinen Mittagsmenüs, gemütliche Gartenterrasse unter dem Kastanienbaum.;Möglichkeit für Sitzungen, Anlässe bis max. 35 Personen. Frische, regionale Produkte. Gemütliche Zimmer, mit Dusche und WC auf Etage, kein Fernseher, dafür Erholung pur.;9.0870704;47.3007668;Näppisuelistrasse 10;9630;Wattwil;+41 71 988 11 21;info@national-wattwil.ch;http://www.national-wattwil.ch/;[{'@type': 'ImageObject', 'contentUrl': 'https://ttpimtsoch.sos-ch-dk-2.exoscale-cdn.com/catalog/b/3/6/a/b36a2fd4227a634409dadab4e52315bc6c673379_2020_Wattwil_25.jpg'}];2026-05-11T17:08:38+02:00
e9c8f50d-337a-4b53-be00-e81dcd061a99;Restaurant Rössli Hüsliberg;Ein gemütliches Restaurant mit 100 Plätzen und einer wunderschönen Aussicht auf die sieben Churfirsten.;Ein köstliches Abendessen, ein herzhafter Coupe oder einfach nur ein bisschen verweilen. Und dies alles bei einer wunderschönen Aussicht. Geniessen Sie den  Blick vom Schindelberg, über die sieben Churfirsten und den Speer, bis zum Ricken. Unser Restaurant bietet eine neue Sonnenterasse, eine Veranda, sowie auch den Restaurantbereich. Für Vereine, Gesellschaften oder Hochzeiten bietet sich unser Saal mit Platz für bis zu 100 Personen optimal an. Ob fürs geniessen auf der Terrasse oder auch gemütlich hinterm Haus unter dem Kirschbaum. Egal ob entspannte Sonntagsausflüge, oder auch Wandertage, für jeden ist was dabei. 
Die Kinder können sich auf dem frisch renovierten Spielplatz nach Herzenslust austoben. Dabei haben die Eltern sie immer im Blick und können einen Kaffee unterm Kirschbaum geniessen.
Unser schönes Restaurant ist in wenigen Minuten von Ebnat-Kappel her mit dem Auto oder Töff zu erreichen, sowie auch über sämtliche Wander- und Bikerouten. 
Unser Team verwöhnt Sie gerne mit einheimischer und saisonaler Küche. Von Cordonbleues-Pommes über Fitnessteller, oder kleineren Speisen, bis hin zu Schlorzifladen. Jeder wird fündig. 
Wir freuen und auf Ihren Besuch.;9.132492542266847;47.27229195025512;Hüsliberg 546;9642;Ebnat-Kappel;+41 71 933 13 65;info@roessli-huesliberg.ch;https://www.roessli-huesliberg.ch;[{'@type': 'ImageObject', 'contentUrl': 'https://ttpimtsoch.sos-ch-dk-2.exoscale-cdn.com/catalog/9/6/f/7/96f75b1c248ea99da2131bef44a5d55be5533b92_WhatsApp_Bild_2025_09_19_um_15.22.38_e56383d2.jpg'}];2026-06-24T04:01:41+02:00
eacbec32-2d5e-4285-89d9-08d1dc93c69f;Toggenburger Brothandwerk Wildhaus;Unser bestes Produkt ist unser Handwerk. Punkt. Was bei uns aus dem Ofen kommt, ist mehr als nur Brot – es ist Toggenburger Handwerk mit Seele. Geknetet mit Wissen, geformt mit Gefühl, gebacken mit Ausdauer. Keine Tricks, kein Industrie Bla Bla – nur Zeit, Tradition;<p>Tradition, Genuss, Handwerk und manchmal etwas verr&uuml;ckte Zutaten. Entdecken Sie die Welt des echten Toggenburger Brothandwerks! In unserer Backstube verbinden wir traditionelle Rezepte mit regionalen Zutaten und moderner Handwerkskunst. Besucherinnen und Besucher k&ouml;nnen bei F&uuml;hrungen, Backkursen und Degustationen hautnah erleben, wie aus Mehl, Wasser und Leidenschaft ein unvergleichlicher Brotgenuss entsteht. Ein authentisches Erlebnis f&uuml;r Feinschmecker, Familien und Kulturinteressierte &ndash; mitten im Herzen des Toggenburgs.</p>;9.3445284;47.2022145;Hauptstrasse 116;9658;Wildhaus;071 9970671;info@brothandwerk.ch;https://brothandwerk.ch;[{'@type': 'ImageObject', 'contentUrl': 'https://ttpimtsoch.sos-ch-dk-2.exoscale-cdn.com/catalog/a/1/3/c/a13c298c2d7e1cd462a8959d6ba0565fe801e253_IMG_8836.jpg'}];2026-03-16T19:02:17+01:00
f3a3ac7a-efaf-414d-8d42-7ec7f871bdff;Loipenkafi Säntisloipe;Mach es dir im beheizten Loipenkafi oder auf der sonnigen Terrasse bequem.;<p>Freiwillige Helfer und Mitglieder unseres Vereins sind (fast) t&auml;glich f&uuml;r dich vor Ort. Sie servieren dir gerne ein warmes Getr&auml;nk, ein Glas Wein, ein k&uuml;hles Bier. Wolldecken sind vorhanden. Nat&uuml;rlich sind auch Nicht-Langl&auml;ufer herzlich willkommen. Wir f&uuml;hren eine grosse Auswahl an kalten und warmen Getr&auml;nken. Auch f&uuml;r eine kleine Verpflegung ist gesorgt &ndash; zum Beispiel hausgemachter&sbquo; Schlorzifladen vom nahegelegenen Bauernhof. Jeden Winter bieten wir an ausgew&auml;hlten Wochenenden bei sch&ouml;nem Wetter Suppe mit Wienerli an.</p>;9.23628866672516;47.24417361147864;9651;Rietbad (Ennetbühl);[{'@type': 'ImageObject', 'contentUrl': 'https://ttpimtsoch.sos-ch-dk-2.exoscale-cdn.com/catalog/7/1/3/e/713ea1e6f2715c17fe6db3d91bc78090a555528e_loipenkafi_aussen1800x100_50.jpg'}];2026-06-13T01:21:05+02:00
f9306689-f765-4542-a95e-6391956f1a0d;Cafe Thurbeck Nesslau;Mit Stolz und grosser Leidenschaft sorgen wir seit 2013 für Dein Genuss. Dich tagtäglich mit unseren frischen Köstlichkeiten glücklich zu machen, ist unser oberstes Ziel.;Mit Stolz und grosser Leidenschaft sorgt das Thurbeck Team, das von Roger und Rahel Wichser geführt wird seit 2013 für Dein Genuss. Dich tagtäglich mit unseren frischen Köstlichkeiten glücklich zu machen, ist unser oberstes Ziel. Wir beliefern Firmenkunden, stärken Schüler sowie Angestellte von regionalen Unternehmen mit unserem Znüni-Service, organisieren Deinen Apéro oder bedienen Dich mit grosser Freude in unserem Ladenlokal in Wattwil. NACHHALTIGKEIT und REGIONALITÄT wird bei uns grossgeschrieben. So verarbeiten wir ausschliesslich natürliche und gesunde Rohstoffe aus dem Toggenburg und verzichten auf chemische Zusatzstoffe. Als innovatives Team entwickeln wir uns stetig weiter und erachten Kundenwünsche als wertvollen Input.;9.199265506107833;47.2257206;Hauptstrasse 29;9650;Nesslau;071 988 11 61;info@thurbeck.ch;https://www.thurbeck.ch/;[{'@type': 'ImageObject', 'contentUrl': 'https://ttpimtsoch.sos-ch-dk-2.exoscale-cdn.com/catalog/a/7/6/c/a76c477ed06a1d5bec5ad872b9a20c672236c16a_FA9ED693_5C6C_4E2E_B6B4_61ADE92D2C61.jpeg'}];2026-06-12T14:31:20+02:00
fb6ab962-790a-484f-be30-a3d32ce292be;Espel Pavillon;Geniessen Sie Flammkuchen, heisse Suppen und Schlorzifladen auf der Sonnenterrasse direkt am Pistenrand;Direkt bei der Talstation der Stöfeli Bahn wurde 2017 der Espel Pavillon errichtet. Genau wie bei den vorherigen Projekten, dem Gipfelrestaurant und der Stöfeli Bahn, wurde das Architekturbüro Herzog & de Meuron für die Gestaltung beauftragt.

Durch seinen rechteckigen Holzbau mit dem kurzen First ist der Pavillon im Landschaftsbild eingebettet und behauptet sich als eigener Bautypus, wo First und Fassade einen originellen Zusammenhang darstellen. Die Verwandtschaft zum Gipfelgebäude ist dank der Holzfassade gut erkennbar.

Mit seiner grosszügigen Sonnenterrasse lädt er zum Verweilen ein und bietet den Gästen Platz, Toggenburger Spezialitäten direkt am Pistenrand zu geniessen. In der gemütlichen Gaststube bestehen weitere Plätze für das Entspannen und Geniessen an kalten und stürmischen Wintertagen zur Verfügung.;9.320333003997805;47.1842732038149;Oberguetstrasse;9657;Unterwasser;+41 71 998 68 10;info@chaeserrugg.ch;https://www.chaeserrugg.ch/de;[{'@type': 'ImageObject', 'contentUrl': 'https://ttpimtsoch.sos-ch-dk-2.exoscale-cdn.com/catalog/3/5/2/3/3523f40683799ef293287bd77fdd7f43ec993703_Bild_6_1K4A4347_Espel.JPG'}];2026-08-03T01:36:34+02:00
