id;name;disambiguatingDescription;description;longitude;latitude;streetAddress;postalCode;addressLocality;telephone;email;url;image;dateModified0123985d-c254-4481-a7fb-0cc5659be44f;ChääsWelt Toggenburg;Kulinarische Erlebnisse im Toggenburg;Mit über 200 verschiedenen Käsesorten ist das Toggenburg die vielfältigste Käseregion im Alpenraum. Die ChääsWelt Toggenburg macht diese Vielfalt mit verschiedenen kulinarischen Angeboten erlebbar. 

Ob auf dem FoodTrail - der genussvollen Schnitzeljagd, bei einer Käsereiführung, einem Wurstkurs oder einem Backkurs in der Backstube oder einer Käsedegustation mit Käsesommelier - die kulinarische Vielfalt ist vielseitig erlebbar. Im 24-Stunden-Shop in Lichtensteig können Sie rund um die Uhr typische Toggenburger Kulinarik einkaufen.

Buchen Sie jetzt Ihr genussvolles Erlebnis im Toggenburg.;9.08787;47.32408;Postgasse 1;9620;Lichtensteig;071 552 00 09;info@chaeswelt.ch;https://chaeswelt.ch/de/;[{'@type': 'ImageObject', 'contentUrl': 'https://ttpimtsoch.sos-ch-dk-2.exoscale-cdn.com/catalog/7/b/a/5/7ba5d2c695578a3660eb2029b81756b5c3cb2319_Bild_Entdeckungsreise.jpg'}];2026-01-29T09:06:23+01:00
013a7b90-4749-42c2-84e1-61989352fa03;Sessel-/Gondelbahn Alt St. Johann – Sellamatt;Die Sessel-/Gondelbahn in Alt St. Johann führt mit einer Kombination aus Sesseln und Gondeln auf die Alp Sellamatt.;<p>Mit der Kuppelbare Umlaufbahn mit 4er Sesseln und 4er Gondeln gelangen Sie auf die Alp Sellamatt, welche Ausganspunkt f&uuml;r den Klangweg und den Toggenburger Sagenweg ist. Die Alp Sellamatt bietet einen herrlichem Panoramablick auf Churfirsten, S&auml;ntis und Alpstein.</p><p>&nbsp;</p><p>Auskunft zur Zug&auml;nglichkeit:&nbsp;<a href="https://www.ginto.guide/entries/203dddcc-16b3-45ff-9f0a-111371092156?lnk_src=business" target="_blank" rel="noopener">ginto</a></p>;9.287152;47.193229;Ochsenwis 418;9656;Alt St. Johann;+41 71 998 68 10;info@chaeserrugg.ch;https://www.chaeserrugg.ch/de;[{'@type': 'ImageObject', 'contentUrl': 'https://ttpimtsoch.sos-ch-dk-2.exoscale-cdn.com/catalog/9/4/4/c/944cb8530c2f0df72b2d967e9e5c7af3649b4720__I6A6188.jpg'}];2026-05-13T09:04:25+02:00
08241695-18a0-489f-9f9f-a0a4a52df766;Minigolf Wattwil;Die Minigolfanlage Wattwil direkt zwischen Sportanlage Rietwis und Schwimmbad bietet Freizeitspass für Gross und Klein. Und seit diesem Jahr präsentiert sie sich im komplett neuen Kleid.
Die Minigolfanlage umfasst 18 Bahnen (betoniert, System Bogoni) und ist turniertauglich. Schläger und Bälle werden an der Kasse abgegeben. Ein Schläger berechtigt zu einem Parcoursrundgang. Weitere Rundgänge müssen bei der Kasse gelöst werden.

Auch für Behinderte geeignet, verfügt allerdings über keine Behinderten-Toilette.;9.0925;47.29442;Rietwisstrasse 14a;9630;Wattwil;+41793326957;roger.meier2@wattwil.ch;https://frezeit-wattwil.ch;[{'@type': 'ImageObject', 'contentUrl': 'https://ttpimtsoch.sos-ch-dk-2.exoscale-cdn.com/catalog/7/c/9/a/7c9a403b8d97540f117661269c1322f79ad9f600_IMG_20220602_WA0019.jpg'}];2026-05-15T08:56:26+02:00
16186546-1a48-41cc-836d-bd2c1ab74a42;24 Stunden Shop ChääsWelt;Unter den historischen Arkaden im Zentrum Lichtensteigs kannst du rund um die Uhr kulinarische Vielfalt aus dem Toggenburg sowie Bier-Vielfalt aus aller Welt kaufen. Entdecke die kulinarischen Schätze aus dem Toggenburg und nimm die Spezialitäten gleich mit nach Hause.;9.0874804;47.3238851;Hauptgasse 2;9620;Lichtensteig;071 552 00 09;info@chaeswelt.ch;https://chaeswelt.ch/de/;[{'@type': 'ImageObject', 'contentUrl': 'https://ttpimtsoch.sos-ch-dk-2.exoscale-cdn.com/catalog/1/5/e/2/15e2490c7e14111ed46a48d41199a8ca9603fa0d_IMG_20231022_164957.jpg'}];2026-07-02T07:59:44+02:00
1762df3a-7875-415c-b97d-45f071eb45dc;Töshof;Hoflädeli und -beizli;Der Töshof befindet sich an der Siggetschwilstrasse in Brunnadern unweit von Dorf und Bahnhof.
Auf unserem Hof leben zurzeit 50 Freilandhühner, zwölf Capra Grigia Ziegen, zwei Katzen und neun Islandpferde. 
 In unserem kleinen Hoflädeli finden Sie fast alles, was das Herz begehrt; Teigwaren, Konfitüren, Curry Zucchetti, eingemachte Randen, Meringues, Bretzeli, verschiedene Sirup und Töshof Glace in vielen Variationen. Das Hoflädeli versteckt sich hinter zwei Kellerfenstern. Bedienen Sie sich während 24 Stunden an sieben Tagen mit Bezahlung Bar oder auch per Twint. 
Beim Glacekühler steht für Sie eine Sitzgelegenheit zu Verfügung. Nehmen Sie Platz und geniessen Sie eine kleine Auszeit. 
Auf Bestellung stellen wir Ihnen auch gerne verschiedene Geschenktaschen und -Körbe zusammen. Sie bestimmen den Inhalt und den Preis.;9.133469136184416;47.33545785;Siggetschwilstrasse 5;9125;Brunnadern;+41713741679;matthias.naef@bluewin.ch;https://www.toeshof.ch/;[{'@type': 'ImageObject', 'contentUrl': 'https://ttpimtsoch.sos-ch-dk-2.exoscale-cdn.com/catalog/2/d/9/7/2d97b95e7d9ae913efbbe8d305df762c4f050b21_0001_.jpg', 'caption': {'de': 'Logo Töshof'}}];2026-01-26T10:31:12+01:00
19b70bef-3933-467c-be55-6b90e403a666;Kägi Glücksshop in Lichtensteig;Herzlich Willkommen im Kägi Glücksshop direkt im Hause Kägi in Lichtensteig (SG). Auf 162 m2 findest du alle Kägi Varietäten, 2.-Wahlprodukte und Geschenkboxen, eine Kaffeebar und weitere attraktive Angebote. Wir freuen uns auf deinen Besuch!;Unser Glücksshop ist auch ein Paradies für Entdecker: Informative Videos zeigen dir einen Blick hinter die Kulissen der Kägi Manufaktur. In unserer kreativen Ecke gestaltest du an iPads deine eigene Kägi fret Verpackung – und druckst alles direkt vor Ort aus.

Unsere Kaffeebar lädt zu einer kleinen Entspannungspause ein. Bei einem Heissgetränk und einem unserer Spezialitäten lässt sich ganz in Ruhe die glückliche Atmosphäre geniessen.;9.085215290277034;47.33037365;Loretostrasse 52;9620;Lichtensteig;+41 71 987 70 10;shop.lichtensteig@kaegi.com;https://www.kaegi.com/fabrikladen;[{'@type': 'ImageObject', 'contentUrl': 'https://ttpimtsoch.sos-ch-dk-2.exoscale-cdn.com/catalog/e/8/7/4/e874ad56264aaca7086ab82c431ca01ddb9300d7_DSC08502.JPG'}];2025-12-19T15:40:51+01:00
19efbcf1-f647-4c85-a61b-78084d3f7c02;Toggenburgshop Wattwil;Einkaufen rund um die Uhr: Toggenburgshop mit regionalen Produkten in Wattwil SG;Der Toggenburgshop ist dein Selbstbedienungsladen in Neu St. Johann, Ebnat-Kappel und Wattwil. Die Läden stehen dir während 24 Stunden am Tag zur Verfügung. Du erhältst im Toggenburgshop viele Produkte für deinen täglichen Bedarf – natürlich möglichst aus dem Toggenburg.;9.0881377;47.2977403;Bahnhofstrasse 22;9630;Wattwil;info@toggenburgshop.ch;https://www.toggenburgshop.ch/;[{'@type': 'ImageObject', 'contentUrl': 'https://ttpimtsoch.sos-ch-dk-2.exoscale-cdn.com/catalog/6/9/9/9/69999b3dd605ff75fa9e58faeeb29a454d281ec4_Toggenburgshop_in_Wattwil__3_.jpg'}];2026-07-02T08:01:43+02:00
1dd0fc8b-e6a1-4677-8978-d492ca715cb1;Schwimmbad Wattwil;Was gibt es Schöneres als in der sommerlichen Hitze einen Tag im Freibad zu verbringen? Das kühlende Wasser, eine grosse Liege- und Spielwiese, Verpflegung aus dem Bistro und allerlei Spielmöglichkeiten. Ob als Familie, Freizeitschwimmer oder einfach als Geniesserin.;Die Badi Wattwil bietet Ihnen 1-, 3- und 5-Meter-Sprungturm, 50-Meter- Schwimmerbecken mit 6 Bahnen, Riesenrutschbahn, Strömungskanal und Kinderplanschbecken, 1 Beachvolleyballfelder, einen Riesenspielplatz für Jugendliche mit Fussballplatz, Korbballeinwurf und Tischtennis. Der Liege- und Spielbereich bietet Ruhezonen für Familien ebenso wie Sandstrand und Kleinkinderparadies mit dem kindersicheren Spielplatz (Rondelle im Sand, Kinderrutschbahn mit Hüttli, Schaukeln). – Für Sport, Fitness und Spass den ganzen Tag ist gesorgt. Gehen Sie da im Sommer überhaupt noch nach Hause?

Zugang möglich für RollstuhlfahrerInnen; Behinderten-Toilette, Umkleidekabine mit Liege und Einstiegshilfe ins Bad sind vorhanden.;9.0925099;47.2938006;Rietwisstrasse 14;9630;Wattwil;+41 79 332 69 57;roger.meier2@wattwil.ch;http://www.badi-wattwil.ch;[{'@type': 'ImageObject', 'contentUrl': 'https://ttpimtsoch.sos-ch-dk-2.exoscale-cdn.com/catalog/5/b/e/c/5bec7c2a31a13ad622144e1d7c798f4071230e09_IMG_20220602_WA0022.jpg'}];2026-05-14T15:53:56+02:00
245192c3-ec22-43fe-8a5c-a634507e05c3;Bauernhof Bohl;Wir vermieten in unserem Bauernhaus in Stein (Toggenburg) eine charmante 2½‑Zimmer-Ferienwohnung – ideal für Familien bis zu 4 Personen. Die Wohnung ist mit viel Liebe zum Detail eingerichtet und bietet euch alles, was ihr braucht. Inkl. Gästekarte.;<div><p><strong>Ausstattung</strong></p><ul><li>Schlafzimmer mit Doppelbett</li><li>Schlafzimmer mit zwei Einzelbetten (f&uuml;r Erwachsene und Kinder geeignet)</li><li>Badezimmer mit Dusche</li><li>K&uuml;che mit Wohn- &amp; Essbereich und TV</li><li>Spiele f&uuml;r Kinder</li><li>Raclette- und Fonduegeschirr</li><li>Ruhige Lage mit sch&ouml;ner Aussicht</li></ul><p><strong>Aussenbereich</strong></p><ul><li>Gartensitzplatz mit Chemin&eacute;e</li><li>Kleiner Spielplatz</li><li>Spielsachen zur Mitbenutzung</li></ul><p><strong>Bauernhof</strong></p><ul><li>Besonders bei Kindern sehr beliebt</li><li>Milchk&uuml;he, K&auml;lblein, Katzen, Hasen</li><li>Gerne d&uuml;rft ihr bei uns im Stall vorbeischauen</li></ul><p><strong>Lage &amp; Umgebung</strong></p><ul><li>Gratis Aussenparkplatz direkt beim Haus</li><li>Dorf Stein in 2 Minuten zu Fuss erreichbar mit B&auml;ckerei und kleinem 24h-Shop</li><li>Katzensprung zum Fluss Thur (Thurweg und im Sommer wundersch&ouml;n zum Baden)</li><li>Einkaufsm&ouml;glichkeiten (Migros, Coop, Drogerie) in 5 Autominuten</li><li>Wander- und Skigebiet Ch&auml;serrugg mit dem &Ouml;V oder in 7 Autominuten erreichbar</li><li>Wander- und Skigebiet Wildhaus mit dem &Ouml;V oder in 12 Autominuten erreichbar</li><li>Wander- und Skigebiet Wolzenalp mit dem &Ouml;V oder in 10 Autominuten erreichbar</li><li>S&auml;ntis oder Schw&auml;galp in 15 Autominuten</li><li>Verschiedene Wanderungen vor der Haust&uuml;re, z. B. Thurweg, Stockberg, Goggeien, Speer (Europas h&ouml;chster Nagelfluh-Berg) und vieles mehr</li></ul><p><strong>Nahe gelegene St&auml;dte</strong></p><ul><li>St. Gallen: 49 min</li><li>Z&uuml;rich: 1 h 07 min</li><li>Luzern: 1 h 35 min</li><li>Chur: 54 min</li></ul><p><strong>Preis</strong><br>CHF 125.&ndash; pro Nacht, plus CHF 100.&ndash; f&uuml;r die Endreinigung.</p></div>;9.22616215143497;47.19726707848858;Wis 312;9655;Stein SG;+41 71 994 24 82;sitho.bohl@bluewin.ch;[{'@type': 'ImageObject', 'contentUrl': 'https://ttpimtsoch.sos-ch-dk-2.exoscale-cdn.com/catalog/8/f/b/d/8fbd0de7cb5ef73e78cebcbd47ebf7cb45173baf_IMG_2518.JPG'}];2026-08-07T04:01:30+02:00
2cd33359-93fd-4ce0-96ee-ddbff46badf8;Toggenburgshop Neu St. Johann;Einkaufen rund um die Uhr: Toggenburgshop mit regionalen Produkten in Neu St. Johann SG.;Der Toggenburgshop ist dein Selbstbedienungsladen in Neu St. Johann, Ebnat-Kappel und Wattwil. Die Läden stehen dir während 24 Stunden am Tag zur Verfügung. Du erhältst im Toggenburgshop viele Produkte für deinen täglichen Bedarf – natürlich möglichst aus dem Toggenburg.;9.196200370788576;47.228879613753;Alte Webereistrasse 14;9652;Neu St. Johann;+41715605596;info@toggenburgshop.ch;https://www.toggenburgshop.ch/;[{'@type': 'ImageObject', 'contentUrl': 'https://ttpimtsoch.sos-ch-dk-2.exoscale-cdn.com/catalog/e/5/e/8/e5e8137c3892ed6fd329e0d1fffe81a9ed12beed_0R0A8859.jpg'}];2026-07-01T16:38:29+02:00
2e498174-7f81-4cc8-9990-401de20bb40b;Wildmanndli Sport;Sportgeschäft;Sportgeschäft in Nesslau;9.1936544;47.2299486;Toggenburgerstrasse 25;9652;Neu St. Johann;+41762045518;peruschw@gmx.ch;[{'@type': 'ImageObject', 'contentUrl': 'https://ttpimtsoch.sos-ch-dk-2.exoscale-cdn.com/catalog/b/7/a/3/b7a3b2b78753e86812a82ee6f1f3bc494ba01fff_Image__003_.jpeg'}];2025-10-10T16:12:03+02:00
30c8c05c-08f4-42f0-9a15-8514c7c3dfe1;Badi Schönenbodensee;Natursee mit Nichtschwimmerbereich, Liegewiese, Umkleidekabinen und Pedalo­vermietung. Zudem stehen ein Kiosk und eine Grillstelle zur Verfügung.;<div><p>Umringt von Bergen und Wiesen, Schilf und Wald liegt der Naturbadesee Sch&ouml;nenbodensee in Wildhaus. Direkt vor der Badi gibt es Parkpl&auml;tze. Mit dem &Ouml;V muss man jedoch einen etwa 30-min&uuml;tigen Fussmarsch auf sich nehmen, um zum See zu gelangen.</p><p>Der See ist mit mehreren Fl&ouml;ssen, einem Steg zum Einstieg in den Schwimmerbereich sowie einem abgegrenzten Nichtschwimmer- und Kinderbereich ausgestattet. Ebenfalls stehen zwei Pedalos zur Miete zur Verf&uuml;gung. Zugang auch f&uuml;r Rollstuhlfahrer/-innen m&ouml;glich. Eine Behinderten-Toilette sowie eine Behinderten-Umkleidekabine (mit Liegebett) sind vorhanden.</p><p><strong>Infos zum Zutritt:</strong><br>Der Zutritt zur Liegewiese ist kostenpflichtig &ndash; unabh&auml;ngig davon, ob eine Nutzung des Badebereichs erfolgt. Ein kostenloser Zugang ist ausschliesslich auf den Bereich des Badibeizlis beschr&auml;nkt.</p><p><strong>Mitnahme von Hunden:</strong><br>Aus R&uuml;cksicht auf alle G&auml;ste sind Hunde ausschliesslich im Eingangsbereich sowie im Badibeizli erlaubt. Auf der Liegewiese und im Badebereich ist das Mitf&uuml;hren von Hunden nicht gestattet.</p></div>;9.3660567;47.2075564;Schönenboden;9658;Wildhaus;+41 78 707 55 69;willkommen@eggewaeldli.ch;https://eggewaeldli.ch/oeffnungszeiten;[{'@type': 'ImageObject', 'contentUrl': 'https://ttpimtsoch.sos-ch-dk-2.exoscale-cdn.com/catalog/b/b/4/7/bb47321cae2a695f018e547cdbed1f552bb34df3_2021_TT_Badi_Sch__nenbodensee_58.jpg'}];2026-06-15T08:51:43+02:00
3e3bdd75-7f88-44bb-be5e-faf6ea22b89f;Standseilbahn Unterwasser – Iltios;Die im Winter 2024 / 2025 neu eröffnete Standseilbahn fährt vom Bahnhof Unterwasser zur Mittelstation auf den Iltios.;<p>Im Sommer wie im Winter bringt die traditionelle Standseilbahn die Gäste von Unterwasser auf den Iltios, 1350 m ü. M. Die Bahn ist Kinderwagen- und Rollstuhlgängig. Der Iltios ist Knotenpunkt von verschiedenen Wanderwegen und Pisten. Hier befindet sich ausserdem das Bergrestaurant Iltios mit der eindrücklichen Aussicht auf die Churfirsten und den Alpstein. Ebenfalls auf dem Iltios kann der Gast auf die Luftseilbahn wechseln und bis zum Gipfel aufsteigen.</p><p> </p><p>Auskunft zur Zugänglichkeit: <a href="https://www.ginto.guide/entries/26951e57-9583-4760-bdad-e47b3559f3d7?lnk_src=business" target="_blank" rel="noopener">ginto</a></p>;9.308714;47.194626;Frühweidstrasse 8;9657;Unterwasser;0719986810;info@toggenburgbergbahnen.ch;https://www.chaeserrugg.ch/de;[{'@type': 'ImageObject', 'contentUrl': 'https://ttpimtsoch.sos-ch-dk-2.exoscale-cdn.com/catalog/0/4/1/9/041924a066b08f34104e5823f5cb9f827951f1aa_standseilbahn.jpeg'}];2026-05-13T08:59:49+02:00
3e4532fe-74a7-4529-ba13-e67b1fa66a6e;Schlitteln Iltios;Vom Iltios nach Unterwasser führt die traditionelle Schlittelbahn über Hänge und Weiden an Bauernhöfen vorbei bis ins Tal. ;Die 3.4 km lange Strecke ist für Anfänger und erfahrene Schlittler geeignet, die Einzel oder in der Gruppe zu Tale brausen. Bequeme oder sportliche Schlitten stehen Ihnen bei der Bergstation Iltios zur Miete zur Verfügung. Bahnticket inkl. Schlittenvermietung bei der Talstation Unterwasser erhältlich. Nehmen Sie Ihren Schlitten auf dem Iltios in Empfang und geben Sie ihn bei der Talstation Unterwasser zurück.;9.31254;47.18516;Dorfstrasse 17;9657;Unterwasser;+41 71 998 68 10;info@chaeserrugg.ch;http://www.chäserrugg.ch;[{'@type': 'ImageObject', 'contentUrl': 'https://ttpimtsoch.sos-ch-dk-2.exoscale-cdn.com/catalog/2/0/7/2/2072f2f458b7aa28d4d396852dd5c928232ba41f_TOGGI_schlitteln_RUPA_009.jpg'}];2026-01-13T11:19:21+01:00
438a7322-528b-4a99-9dd1-59a895e19a17;Bücherpause;«Eifach mol schnell Ziit vergässe und i die wunderbari Welt iitauche.»;Die «Bücherpause» ist Wellness für die Seele, bietet ein kuscheliges Schlechtwetterprogramm und literarische Gipfelflüge für die ganze Familie. 

Sie ist eine gemütliche kleine Stube mitten in Unterwasser, bis zur Decke gefüllt mit schönen Büchern, hauptsächlich Bilderbüchern. Gross und Klein sind hier willkommen, zusammen oder ganz für sich Bücher-Schätze zu entdecken. 
Ein Büchertauschregal bietet Erwachsenen Nachschub, wenn der Lesestoff ausgegangen ist. 

Die Bücherpause bringt Vertrauen entgegen und schafft Vertrauen. Sie ist Rund um die Uhr geöffnet. Der Schlüssel liegt im Milchkasten.;9.310049053589697;47.1970153;Dorfstrasse 18;9657;Unterwasser;buecherpause@bluewin.ch;https://buecherpause.ch;[{'@type': 'ImageObject', 'contentUrl': 'https://ttpimtsoch.sos-ch-dk-2.exoscale-cdn.com/catalog/d/3/b/f/d3bf741408a0fd7cbdda44fe80814f47b5802d42_b82015f6_bd64_40a9_9a4e_16ffe3a060b5.jpg'}];2025-12-19T15:39:35+01:00
4d68d365-8807-4108-9653-d051d168e922;Schweizer Langlaufschule Toggenburg;Langlaufunterricht für alle Bedürfnisse von unseren top ausgebildetem Lehrerteam. Entdecken Sie das Geheimnis um über den Schnee zu schweben.;Wir bieten Ihnen Langlaufkurse für Anfänger, Wiedereinsteiger & Fortgeschrittene an. Wir zeichnen uns durch sehr gut ausgebildete & qualifizierte Langlauflehrer*innen aus. Bei uns können Sie Privatstunden, Familien- und Gruppenunterricht sowie Firmenevents buchen.  Ob in Alt St. Johann oder Wildhaus, am Tag oder auf der Nachtloipe bei uns finden Sie ihr massgeschneidertes Angebot.;9.287188947200777;47.1940772731022;Hauptstrasse 40;9656;Alt St. Johann;+41 71 999 17 60;info@loipen-toggenburg.ch;https://www.loipen-toggenburg.ch;[{'@type': 'ImageObject', 'contentUrl': 'https://ttpimtsoch.sos-ch-dk-2.exoscale-cdn.com/catalog/7/e/0/f/7e0f90770fe62a59a2464464fe6de7df7b8c14f6_DSC07371.JPG'}];2025-12-19T15:39:35+01:00
4e10470c-b4a6-4ee8-9ae0-b0b3730a6439;Toggenburg Tourismus;Toggenburg Tourismus berät Sie gerne persönlich und unterstützt Sie dabei, Ihren Aufenthalt in der Ferienregion Toggenburg unvergesslich zu gestalten.;<p>Unser Tourist-Info in Wildhaus ist Ihre zentrale Anlaufstelle für alles rund um Ferien, Ausflüge und Erlebnisse in der Ferienregion Toggenburg. Wir unterstützen Sie mit Tipps zu Wanderungen, Veranstaltungen, Familienangeboten, Unterkünften sowie den schönsten Natur- und Kulturerlebnissen. Sie erreichen uns direkt im Tourist-Info, per Telefon, E-Mail oder bequem über unseren Live-Chat. Zudem sind wir auch auf Social Media aktiv und beantworten dort gerne Ihre Fragen. Unser Team freut sich darauf, Sie bei Ihrer Planung zu unterstützen und Ihnen die vielseitige Region näherzubringen. Bis Bald!</p><p>Auskunft zur Zugänglichkeit: <a href="https://www.ginto.guide/entries/b1f59ba3-fabd-412e-90f2-b5e69f03dd6d?lnk_src=business" target="_blank" rel="noopener">ginto</a></p><p> </p>;9.341716;47.201655;Hauptstrasse 104;9658;Wildhaus;+41 71 999 99 11;info@toggenburg.swiss;http://www.toggenburg.swiss;[{'@type': 'ImageObject', 'contentUrl': 'https://ttpimtsoch.sos-ch-dk-2.exoscale-cdn.com/catalog/7/d/a/1/7da19d17384480afb2b065a84bfbfb60609affc7_Tourist_Info_Sommer_2019_3.jpg'}];2026-07-14T00:15:36+02:00
500372ce-6f00-4617-b311-3075d1097d9a;Metzgerei Metzger AG / Ebnat Kappel;Fleisch und Wurstwaren aus eigener Produktion
Toggenburger Spezialtäten Shop;Die Metzgerei Metzger AG…
… ist die Toggenburger Traditionsmetzgerei seit 1932. Über 200 Fleisch- und Wurstprodukte stellen wir selber her. Meist nach altbewährten Rezepten. Fast alles Fleisch stammt von Tieren aus dem Toggenburg. Unsere Lieferanten kennen wir persönlich. Bei Hygiene und Zusatzstoffen orientieren wir uns an modernsten Grundsätzen. Bis bald in unseren zwei besteingerichteten Verkaufsgeschäften im Toggenburg! Oder bei den Verkaufswagen überall im Zürcherland.

Im Unterschied zu Grossverteilern setzt die Metzgerei Metzger AG auf reine Handwerkskunst: Mitarbeitende mit teils jahrzehntelanger Erfahrung kontrollieren die Herstellung von der Fleischgewinnung bis zum Verkauf.

-Znüüni Hit: jeden Tag was von der warmen Theke für CHF 5.00 im Bürli
- Geschenke und Mitbringsel
- Catering; fragen Sie uns an: info@metzger-metzger.ch
- Hausgemachte Fleisch und Wurstspezialitäten
- Toggenburger Fleischspezialitäten; Stockbergspeck, Mostböckli, Birnenmöckli usw.
- extrawuerste.ch
- Fleisch- und Käseplatten für jede Gelegenheit;9.1245813;47.2612118;Ebnaterstrassse 30;9642;Ebnat Kappel;071 994 18 16;info@metzger-metzger.ch;https://metzger-metzger.ch;[{'@type': 'ImageObject', 'contentUrl': 'https://ttpimtsoch.sos-ch-dk-2.exoscale-cdn.com/catalog/a/5/7/8/a578448429330a60648811aefd1b73052caac9b6_IMG_20230208_WA0004.jpg'}];2025-10-10T11:37:47+02:00
597b5b83-a1f6-4bee-b843-7677fa5ae1d1;Toggenburgshop Ebnat-Kappel;Der Toggenburgshop ist dein Selbstbedienungsladen in Ebnat-Kappel. Der Laden steht dir während 24 Stunden am Tag zur Verfügung. Du erhältst im Toggenburgshop viele Produkte für deinen täglichen Bedarf – natürlich möglichst aus dem Toggenburg.;Der Toggenburgshop ist dein Selbstbedienungsladen in Ebnat-Kappel. Der Laden steht dir während 24 Stunden am Tag zur Verfügung. Du erhältst im Toggenburgshop viele Produkte für deinen täglichen Bedarf – natürlich möglichst aus dem Toggenburg. Die Galerie Elf bietet im gleichen Ladenlokal Dekoration und Kunst an.;9.120744466781618;47.26452400035863;Kapplerstrasse 11;9642;Ebnat-Kappel;info@toggenburgshop.ch;https://www.toggenburgshop.ch;[{'@type': 'ImageObject', 'contentUrl': 'https://ttpimtsoch.sos-ch-dk-2.exoscale-cdn.com/catalog/1/8/b/6/18b62703efee6363920d69e4de628349bd3c0e54_toggenburgshop_ebnat_kappel.jpg'}];2026-07-02T08:00:23+02:00
5f539234-8a21-4a79-9cdd-9eaa037c325b;Beat Sport, Wildhaus;Sportgeschäft, Skiverleih, Skiservice;Ihr Fachgeschäft für den Kauf und die Vermietung von Sportartikel. 

Skivermietung während Saison täglich geöffnet;9.3401349;47.2015926;Hauptstrasse 93;9658;Wildhaus;+41 71 571 22 20;wildhaus@beat-sport.ch;https://www.beat-sport.ch/locations/wildhaus;[{'@type': 'ImageObject', 'contentUrl': 'https://ttpimtsoch.sos-ch-dk-2.exoscale-cdn.com/catalog/1/8/0/f/180feb2cc38fd01406d7d2c5c5b3533b653d9dba_Beat_Sport_h.jpg'}];2026-08-04T03:16:45+02:00
62103a72-114c-4167-b7ec-269fea97609b;Toggenburgshop Unterwasser;Der Toggenburgshop ist dein Selbstbedienungsladen in Unterwasser. Der Laden steht dir während 24 Stunden am Tag zur Verfügung. Du erhältst im Toggenburgshop viele Produkte für deinen täglichen Bedarf – natürlich möglichst aus dem Toggenburg.;9.3109667301178;47.196620053991474;Dorfstrasse 29;9657;Unterwasser;+41 71 560 55 96;info@toggenburgshop.ch;https://www.toggenburgshop.ch/;[{'@type': 'ImageObject', 'contentUrl': 'https://ttpimtsoch.sos-ch-dk-2.exoscale-cdn.com/catalog/0/1/8/f/018f308e76423b615bd051ed96a0d3374de0ba28_toggenburgshop_hoettli_unterwasser.jpg'}];2026-07-02T08:01:08+02:00
63cec007-112d-43b5-8313-85a4f385c0e9;Hofladen Adelbach-Hof;Kleiner Selbstbedienungshofladen;Neben unseren selbstgemachten Joghurt und Fleisch unserer Tiere bieten wir auch Pastmilch, Freilandeier und Käse von Partnerbetrieben der Region an. Auf jeden Fall einen Besuch wert, ebenfalls wunderbar mit einem Besuch bei der Kamerasau (www.kamerasau.ch) zu verbinden.;9.1275410068259;47.343055449999994;Adelbach 993;9126;Necker;071 565 73 51;info@adelbach-hof.ch;https://www.adelbach-hof.ch/;[{'@type': 'ImageObject', 'contentUrl': 'https://ttpimtsoch.sos-ch-dk-2.exoscale-cdn.com/catalog/b/7/9/a/b79a866eae7006d805270fab51e4a42ea538a73c_Dojana.jpg'}];2025-10-10T11:24:03+02:00
6481ce97-e3e9-4368-b50b-459c74592707;Langlauf Panorama-Loipe Scherb/Bendel (Hemberg - Ebnat-Kappel);Ein lehrreiches Vergnügen: Die Panorama-Loipe auf dem Scherb/Bendel zwischen Hemberg und Ebnat-Kappel führt an verschiedenen Aussichtspunkten vorbei.;Beim Langlauf nicht nur etwas für die Fitness tun, sondern gleichzeitig Aussichten geniessen und spannende Hintergrundinformationen erhalten? Das ist auf der rund fünf Kilometer langen Panorama-Loipe im Scherb/Bendel zwischen Hemberg und Ebnat-Kappel möglich. Auf acht Tafeln werden die einmaligen Ausblicke auf die Churfirsten, den Alpstein, das Neckertal, die Chrüzegg, den Stockberg, den Speer und Richtung Zürichsee mit geschichtlichen, geografischen und weiteren Informationen näher erklärt. Zusätzlich sind alle Tafeln mit einem Kindermärchen ergänzt. Das Märchen vom Heinzelmännchen Speerli ist fortlaufend über alle acht Tafeln geschrieben.;9.163026809692385;47.27713230427341;Salomonstempelstrasse;9642;Ebnat-Kappel;+41 77 521 58 04;bert.baumann@bluewin.ch;https://www.loipen-scspeer.ch/panoramaloipe/;[{'@type': 'ImageObject', 'contentUrl': 'https://ttpimtsoch.sos-ch-dk-2.exoscale-cdn.com/catalog/e/4/2/c/e42c4b0d4d03e2deeff73edaa2df7730fa0c1fa7_resized_650x365_origimage_691130.jpg'}];2025-10-10T15:51:49+02:00
669cca08-ad58-48de-b9d2-9be537b743e2;Königs Chäsi;Die Königs Chäsi steht für ehrliches Handwerk, regionale Verbundenheit und gelebte Käsekultur im Toggenburg. Als junges, familiär geführtes Unternehmen verbinden wir Tradition mit frischem Unternehmergeist – immer mit dem Fokus auf Qualität und Herkunft.;Die Königs Chäsi steht für ehrliches Handwerk, regionale Verbundenheit und gelebte Käsekultur im Toggenburg. Als junges, familiär geführtes Unternehmen verbinden wir Tradition mit frischem Unternehmergeist – immer mit dem Fokus auf Qualität, Herkunft und Geschmack.

Unsere Käse entstehen an zwei Standorten: In Nesslau produzieren wir sowohl unsere Appenzeller-Produkte als auch unseren charakterstarken Bergkönig. Die Milch dafür stammt von ausgewählten Bauern aus der Region, mit denen wir eng und partnerschaftlich zusammenarbeiten. Sorgfalt, Erfahrung und viel Herzblut prägen jeden einzelnen Produktionsschritt.

Der Bergkönig erhält seinen letzten Schliff in unserem externen Reifelager im Schönenberg. Dort reift er in aller Ruhe unter optimalen Bedingungen heran und entwickelt sein unverwechselbares Aroma – kräftig, ehrlich und mit alpinem Charakter.

Die Königs Chäsi ist mehr als nur eine Käserei: Sie ist ein Ort, an dem Leidenschaft für das Handwerk, regionale Identität und die Liebe zum Produkt spürbar werden. Ein echtes Stück Toggenburg – zum Geniessen, Entdecken und Weitererzählen.;9.199011325836183;47.22515717946661;Hauptstrasse 22;9649;Nesslau;0719941845;administration@koenigs-chaesi.ch;https://www.koenigs-chaesi.ch/;[{'@type': 'ImageObject', 'contentUrl': 'https://ttpimtsoch.sos-ch-dk-2.exoscale-cdn.com/catalog/3/6/9/8/3698815a980e3a98a7783cf5eec44b076332b88c_2S2A9798.jpg'}];2026-03-16T19:15:46+01:00
6ae75ef8-3fb9-4950-9e5e-ec879b9039ae;Skillspark;Die Bike Academy Toggenburg Trails bilden einen vielseitigen Bike Skillspark im idyllischen Eggewäldi.;Die Fahrtechnik kann auf Abschnitten unterschiedlicher Schwierigkeit geübt und verbessert werden. Insgesamt stehen rund 3km gekenntzeichnete Übungsabschnitte (blau, rot, schwarz) zur Verfügung. Die Bike Academy Toggenburg bietet Fahrtechnikkurse an, in welchen die sichere Herangehensweise erklärt und geübt wird.;9.342820644378664;47.200203329948586;Munzenriet 12;9658;Wildhaus;0786194990;office@bikeacademy-toggenburg.ch;https://bikeacademy-toggenburg.ch/skillspark;[{'@type': 'ImageObject', 'contentUrl': 'https://ttpimtsoch.sos-ch-dk-2.exoscale-cdn.com/catalog/8/7/3/b/873becd5a617d2c3e34043fb76c94dda70c00f69_Bildschirmfoto_2026_07_14_um_14.27.39.png'}];2026-07-16T15:39:35+02:00
6f11c76b-f6dd-4b94-9c11-812189705d9d;Schwimmbad Ebnat-Kappel;Herzlich Willkommen beim Schwimmbad Ebnat-Kappel
Im Schwimmabd Ebnat Kappel finden alle Besucher ein passendes Plätzchen zum Verweilen. Die weitläufige Liegewiese mit den schattenspendenden Bäumen bietet viel Platz für gross und klein.;Nutzen Sie im Sommerhalbjahr das 50m-Becken, die Rutschbahn und das 1 und 3 Meter Sprungbrett für einen schönen Badetag. In unser schönen Planschbecken mit Rutschbahn und Attraktionen fühlen sich die Kleinsten sehr wohl. 
Unser Badi-Restaurant verwöhnt die Gäste mit Fitnesstellern,  mit feinen Hamburger mit knackigen Pommes, feinen Eis aus der Region, einem guten Kaffee und viel mehr. 
Umkleidekabnen und Schliessfächer stehen gratis zur Verfügung, wie die warmen Duschen. Für Gross und Klein stehen auch Tischkickertische und Tischtennis zur Verfügung. 
Zugang möglich für RollstuhlfahrerInnen; eine Behinderten-Toilette und Behinderten-Umkleidekabinen! Einstiegshilfe vorhanden.;9.1229262;47.2659037;Badistrasse 4;9642;Ebnat-Kappel;079 314 69 94;schwimmbad@ebnat-kappel.ch;http://www.ebnat-kappel.ch/de/lebensraum/freizeitmain/schwimmbad/;[{'@type': 'ImageObject', 'contentUrl': 'https://ttpimtsoch.sos-ch-dk-2.exoscale-cdn.com/catalog/a/2/9/b/a29bd26c58ed67609f8a32c36b3c912a3be25020_2020_Ebnat_Kappel_08.jpg'}];2026-07-01T18:14:11+02:00
7b96fe53-944c-4fb2-a879-b3fc1f441800;Toggenburger Kräuterfrauen;An einem Sonnenhang auf 850 m.ü.M. bauen wir von Hand Kräuter in Bio-Qualität an, die wir zu aromatischen Tee- und Küchenkräutermischungen verarbeiten. Entdecken Sie unser vielfältiges Angebot an getrockneten Kräutern im Online-Shop oder besuchen Sie im Sommer unseren Hof.;Tauchen Sie in die Welt der Kräuterfrauen ein und erfahren Sie auf einem Erlebnis-Rundgang selbst die Arbeit mit den farbintensiven und duftenden Kräutern. Nach Lust und Laune dürfen Sie Kräuter von unserem Acker ernten und mit unseren Tipps eine eigene Teemischung zusammenstellen, die wir anschliessend für Sie trocknen. Auf unserer Website finden Sie noch weitere Angebote für Ihren Ausflug zu uns.;9.16558835;47.25783525;Hof-Wintersberg 2373;9642;Ebnat-Kappel;+41719939667;info@kraeuterfrauen.com;https://kraeuterfrauen.com;[{'@type': 'ImageObject', 'contentUrl': 'https://ttpimtsoch.sos-ch-dk-2.exoscale-cdn.com/catalog/9/b/8/e/9b8eb344cf666b5f6035ef0b5270e9d7834694b0_IMG_0242__2.jpg'}];2025-10-10T12:39:01+02:00
7cc542dc-c9e9-497c-856d-75406356a970;Wolzenalp;<p>G&auml;stescreens</p>;[{'@type': 'ImageObject', 'contentUrl': 'https://ttpimtsoch.sos-ch-dk-2.exoscale-cdn.com/catalog/6/9/2/e/692e69f99ee14aa760f5d2845375f6764e1b54b4_Winterwanderweg_Wolzenalp_Nesslau_Sesselbahn.jpg'}];2026-08-20T14:31:00+02:00
7f101480-6382-4a08-8952-2a8ecef23dbf;Sesselbahn Krummenau – Wolzenalp;Lehnen Sie sich zurück. Mit der Sesselbahn gelangen Sie bequem auf die Wolzenalp. ;Von Krummenau aus können Sie sich mit der Sesselbahn Krummenau-Wolzenalp zum Rietbach hinauf fahren lassen und dabei das Tal der Thur aus luftiger Höhe betrachten.
Nach einer schönen Wanderung, einer Rast bei einer Feuerstelle oder auf der Sonnnenterrasse des Restaurant Wolzenalp, haben Sie sicher wieder Energie getankt für den Abstieg ins Tal.
Keine Behinderten-Toilette; nur bedingt geeignet für RollstuhlfahrerInnen.;9.168820381164553;47.24394410701422;9643;Krummenau;+41 71 994 11 61;info@wolzenalp.ch;https://wolzenalp.ch;[{'@type': 'ImageObject', 'contentUrl': 'https://ttpimtsoch.sos-ch-dk-2.exoscale-cdn.com/catalog/8/7/a/0/87a09bed94042ab1343e9e70d07817bdc60183d9_Sessel_Mami_und_Tochter_s.jpg'}];2026-07-08T09:18:53+02:00
838c65b3-d7a8-4e03-a783-4009445ffe18;Kino Säntis Lodge;In unserem hauseigenen Kino sorgen wir täglich gleich zweimal für Ihre Unterhaltung! Freuen Sie sich auf abwechslungsreiche Filmvorführungen, gemütliche Atmosphäre und unvergessliche Momente bei jedem Besuch.;Das Kino Säntis Lodge bietet zweimal täglich verschiedene Filmvorführungen an. Die Vorstellungen finden jeweils um 16:30 Uhr und um 20 Uhr* statt und sind kostenlos. 
Das Kino kann ausserdem ebenfalls für individuelle Anlässe, wie zum Beispiel Geburtstagspartys mit einem Wunschfilm und Pizzaplausch, benutzt werden. Familienfreundlich und gemütlich in Filme eintauchen geht nirgends besser als hier. 

Wir freuen uns auf Ihren Besuch!

*Bitte beachten Sie, dass der Zugang zum Film ab 20 Uhr nur auf Voranmeldung möglich ist.<;9.3133166;47.1963286;Hauptstrasse 16;9657;Unterwasser;+41719992727;info@bergundbett.ch;https://bergundbett.ch/kinoprogramm/;[{'@type': 'ImageObject', 'contentUrl': 'https://ttpimtsoch.sos-ch-dk-2.exoscale-cdn.com/catalog/6/5/0/e/650e6ab8fce3560f1545a6f858051312fbfff8c4_62_Kino_S__ntisLodge.jpg'}];2026-05-06T13:12:56+02:00
85870804-f0a7-44ed-aa4f-2cb4fcb34197;Velo-Metzg GmbH;...wenn&#039;s ums Bike geht: Wir kümmern uns um Ihre Anliegen, beraten Sie gerne über ein neues Bike oder bringen Ihr eigenes Bike mit einem Service wieder in Schuss. Oder möchten Sie gerne ein E-Bike mieten?;Benötigen Sie einen neuen Velohelm oder haben Sie noch gar keinen? Wir haben auch eine tolle Auswahl an Velobekleidung und vieles mehr für&#039;s und rund um&#039;s Bike.

Infrastruktur für Zweiräder:
- Mietstation
- Servicestation/Shop;9.309736;47.197296;Dorfstrasse 23;9657;Unterwasser;+41 71 999 94 90;info@velometzg.ch;https://www.velometzg.ch;[{'@type': 'ImageObject', 'contentUrl': 'https://ttpimtsoch.sos-ch-dk-2.exoscale-cdn.com/catalog/c/3/4/a/c34a1ee249e1453b9cd48d9fdc8e2a6edf6d20b2_Velo_Metzg_Aussenansicht_1.JPG'}];2026-01-13T14:20:35+01:00
917ebc5d-1429-4ce7-a5bb-77e0492b2555;Klangsein: Wohltuende und regenerierende Entspannung durch Klang.;Die Klangmassage mit Peter Hess®-Therapie Klangschalen
kann je nach Bedürfnis gestaltet werden. ;<p>Die Klangschalenmassage zeichnet sich durch obertonreiche Kl&auml;nge und feine Vibrationen aus, welche unser Nervensystem beruhigen. Die Klangschalen werden sowohl auf, als auch um den bekleideten K&ouml;rper positioniert und mit einem Filzschl&auml;gel sanft zum Klingen gebracht. Die harmonischen, obertonreichen Kl&auml;nge der verschiedenen Schalen erm&ouml;glichen Tiefenentspannung. Die feinen Vibrationen der Schalen bringen die Fl&uuml;ssigkeit im K&ouml;rper zum Schwingen und breiten sich im K&ouml;rper aus, vergleichbar mit den konzentrischen Wellen, die entstehen, wenn ein Stein ins Wasser f&auml;llt. Muskul&auml;re Verspannungen werden sanft gel&ouml;st, Faszien gelockert sowie Durchblutung und Lymphfluss angeregt. Die tiefe Entspannung beeinflusst Atmung, Herzkreislaufsystem, Stoffwechsel und Verdauungssystem positiv. Die Regenerationsf&auml;higkeit des K&ouml;rpers wird so gef&ouml;rdert. Das urspr&uuml;ngliche Vertrauen sowie die K&ouml;rper- und Selbstwahrnehmung werden gest&auml;rkt. Ein Gef&uuml;hl von Entspannung und Leichtigkeit wird erfahrbar &ndash; Wellness f&uuml;r K&ouml;rper, Seele und Geist.</p>;9.30894;47.20253;Nesselhalden 755;9657;Unterwasser;078 767 50 95;info@klangsein.ch;https://klangsein.ch;[{'@type': 'ImageObject', 'contentUrl': 'https://ttpimtsoch.sos-ch-dk-2.exoscale-cdn.com/catalog/7/9/9/1/7991e99eafa34c871e58fe1ce0f4e91d8a6f9d58_Klangsein_Klangschale_First_Churfirsten_Obertoggenburg.JPG'}];2026-02-03T10:40:42+01:00
95fdee83-2c45-4a1e-b0a5-cbff71179b80;Hof Entenbach;Auf dem Bio-Betrieb der Familie Widmer leben Mutterkühe, Hühner und diverse Kleintiere.
;Im 24h Selbstbedienungshoflädeli findest du saisonale Produkte vom Hof: Eier, Äpfel, selbstgepresster Most, diverse Sirupe und vieles mehr. 

Auf Anfrage bietet der Hof Entenbach auch Fleisch-Mischpakete vom Beef oder Schwein an.

Nebst Lebensmittel werdet ihr auch fündig, wenn ihr auf der Suche nach kleinen Geschenken sind. So gibt es hier zum Beispiel Scherenschnittkappen, Stirnbänder und weitere selbstgenähte Unikate.
;8.984662592411043;47.3719585767651;Entenbach 3;9613;Mühlrüti;https://www.hofentenbach.ch/;[{'@type': 'ImageObject', 'contentUrl': 'https://ttpimtsoch.sos-ch-dk-2.exoscale-cdn.com/catalog/b/7/6/8/b768b5b49b4aed3880aaa1f7c63f3cbe20f0525d_IMG_20220914_WA0021.jpg', 'caption': {'de': 'Hoflädeli Entenbach'}}];2026-05-15T23:57:42+02:00
9876a553-9f64-4354-a43e-f529efa836c9;Bödelilädeli;Unser Hoflädeli Bödelilädeli steht in Unterwasser an der Dorfstrasse 6.;Hier verkaufen wir unsere Milch in einem Milchautomat. Ein Gefäss zum Abfüllen bitte selber mitbringen. Weiter im Angebot haben wir: Eier, Jogurt, verschiedene Käse, Butter, Toggenburger Glace, Mehl, jeden Samstag Zöpfe, Birnenbrot, diverese Gonfi, Kräutersalz und Sirup je nach Saison. Ein Besuch lohnt sich bestimmt!
Zahlung bar oder per Twint möglich.;9.307746769231155;47.197282714546;Dorfstrasse 6;9657;Unterwasser;+41791753306;kontakt@bödelilädeli.ch;https://www.bödelilädeli.ch;[{'@type': 'ImageObject', 'contentUrl': 'https://ttpimtsoch.sos-ch-dk-2.exoscale-cdn.com/catalog/8/9/8/7/8987719e3f7e6f46565cae7790a284d40f8e265c_La__deli__2.jpeg'}];2025-12-19T15:39:39+01:00
98d7c75b-07dd-426d-b061-72924b108a07;Bike Academy Toggenburg;TRAINIERE DEINE SKILLS. SPIELEND BIKEN LERNEN. Du willst (e-) mountainbiken, bist aber unerfahren auf steilen Anstiegen und Abfahrten? Du bist es nicht gewohnt, auf unterschiedlichem Terrain zu biken?
Dann komm' zu uns.;Du willst (e-) mountainbiken, bist aber unerfahren auf steilen Anstiegen und Abfahrten? Du bist es nicht gewohnt, auf unterschiedlichem Terrain zu biken?
Dann komm' zu uns - so werden deine Mountainbike-Erlebnisse Spass machen ... mit Sicherheit! Kids lernen bei uns spielend biken: der Spass ist garantiert.
Die Bike Academy Toggenburg ist bis Oktober täglich geöffnet - sende uns jetzt deine Reservationsanfrage.;9.343051314353945;47.200574813648;Munzenriet 12;9658;Wildhaus;+41786194990;office@bikeacademy-toggenburg.ch;http://www.bikeacademytoggenburg.ch/;[{'@type': 'ImageObject', 'contentUrl': 'https://ttpimtsoch.sos-ch-dk-2.exoscale-cdn.com/catalog/6/9/4/c/694ccd13a85e1d4a5238fd4d7069da037f8317ff_Bildschirmfoto_2026_07_14_um_11.22.32.png'}];2026-07-16T13:32:23+02:00
9deab758-e1a5-4e1e-b692-4161a9fecf9f;Bibliothek und Ludothek Nesslau;Die Bibliothek Ludothek verleiht Bücher, Spiele, DVD's und verschiedene nützliche Gegenstände in der "Bibliothek der Dinge";<p><strong>Entdecken Sie in der Bibliothek alles, was das Leserherz begehrt!</strong><br>Vom Krimi bis zum Liebesroman, vom Pappbilderbuch bis zum Sachbuch &ndash; hier finden Sie das passende Buch f&uuml;r die ganze Familie!</p>
<p><strong>Nach einem Besuch in der Ludothek hat Langeweile bei Regenwetter keine Chance!</strong><br>Bei uns finden Sie ein grosses Sortiment an Gesellschaftsspielen, verschiedenen Spielsachen, H&ouml;rb&uuml;chern inkl. Tonies, Outdoorspielen und vielem mehr...</p>
<p><strong>Fehlt etwas in der Ferienwohnung, z. B. ein Pizzaofen?</strong><br>Vielleicht finden Sie es in unserer Bibliothek der Dinge. Wir bieten die M&ouml;glichkeit von Einzelausleihen ohne Abo.</p>
<p><strong>Parkplatz, Treppenlift und Behindertentoilette sind vorhanden.</strong></p>;9.199032783508303;47.228938230627655;Büelen 2100;9650;Nesslau;+41774349224;biblioludo@nesslau.ch;https://www.bibliothek-nesslau.ch/;[{'@type': 'ImageObject', 'contentUrl': 'https://ttpimtsoch.sos-ch-dk-2.exoscale-cdn.com/catalog/c/4/0/c/c40c2b6cfb898a7487a728e31437729eb012a47d_IMG_20241207_084540_resized_20241207_094511701.jpg'}];2025-10-28T13:19:51+01:00
9ec08e9f-723a-4120-822f-f5962dffc39a;Velo Köbi Nesslau;Du willst dich bewegen an der frischen Luft und unsere beeindruckende Bergwelt geniessen? Bestimmt haben wir das passende Mountainbike oder E-Bike für Dich.
Wir freuen uns über deinen Besuch und beraten dich gerne.;- Verkauf von Bikes und E-Bikes, Zubehör und Bekleidung
- Service und Reparatur aller Marken (bei E-Bikes, sofern technisch möglich)
- Vermietung von E-Bikes;9.20292;47.22287;Hauptstrasse 49;9650;Nesslau;071 994 13 85;info@velokoebi.ch;https://www.velokoebi.ch/;[{'@type': 'ImageObject', 'contentUrl': 'https://ttpimtsoch.sos-ch-dk-2.exoscale-cdn.com/catalog/d/c/1/4/dc14500cc5f82cbea114b4ab69f3969ee4473bd9_IMG_20220308_135825.jpg'}];2026-08-04T15:25:52+02:00
a180b3f3-57d5-4d95-bbdb-5f9d5d769c37;24h köstliche Vielfalt;Köstlichkeiten aus dem Toggenburg rund um die Uhr einkaufen in Lichtensteig
Über 50 regionale Spezialitäten und 120 verschiedene Biere;Hereinspaziert in die Welt des Genusses! Unter den historischen Arkaden im Zentrum Lichtensteigs kannst du rund um die Uhr Spezialitäten aus dem Toggenburg sowie Bier-Vielfalt aus aller Welt kaufen. Entdecke die kulinarischen Schätze aus dem Toggenburg und nimm die Spezialitäten gleich mit nach Hause. Herzlich Willkommen!;9.08765;47.32278;Hauptgasse 27;9620;Lichtensteig;+41 71 552 06 08;info@minibierladen.ch;https://www.9620.ch/;[{'@type': 'ImageObject', 'contentUrl': 'https://ttpimtsoch.sos-ch-dk-2.exoscale-cdn.com/catalog/c/b/a/a/cbaa17c07eb727a0e2f93d49fd6c23842da8eca6_IMG20211220141456__1_.jpg'}];2026-06-30T13:25:29+02:00
a2e7f4e1-4e7f-4e64-bd10-593343538a3a;Haus am Rain Ski- und Ferienhaus;Gemütliches Gruppenhaus im Toggenburg in Alt St. Johann mit 28 Betten und Studios, Aufenthaltsräumen, Spielraum, Gastro­küche und Kleinküche. Nahe beim Dorf, bei Pisten, Seilbahn und Wanderwegen. Parkplätze direkt vor dem Haus.;<div><p>Willkommen in unserem charmanten Gruppenhaus mit sieben einladenden Zimmern. Jedes Zimmer bietet Platz f&uuml;r bis zu vier Personen und verf&uuml;gt &uuml;ber ein eigenes Badezimmer.</p><p>Das Haus bietet grossz&uuml;gige Aufenthaltsr&auml;ume, die zum geselligen Beisammensein einladen, sowie eine voll ausgestattete Gastrok&uuml;che, die kulinarische Erlebnisse f&uuml;r gr&ouml;ssere Gruppen erm&ouml;glicht. F&uuml;r kleinere Gruppen steht zudem eine separate, gem&uuml;tliche K&uuml;che zur Verf&uuml;gung.</p><p>Die weitl&auml;ufige Terrasse mit Grill l&auml;dt zu unvergesslichen Grillabenden unter freiem Himmel ein &ndash; begleitet von einer atemberaubenden Aussicht auf die majest&auml;tischen Berge S&auml;ntis und Schafberg.</p><p>Dank der ruhigen und dennoch zentralen Lage, nur f&uuml;nf Minuten von den &ouml;ffentlichen Verkehrsmitteln und den Bergbahnen entfernt, ist das Haus der ideale Ausgangspunkt f&uuml;r Skifahrer, Wanderer und Biker.</p><p>Hier finden Sie den perfekten Ort, um zur Ruhe zu kommen, die Natur zu geniessen und neue Abenteuer zu erleben.</p></div>;9.282629550000003;47.190927599999995;Tobelstrasse 16;9656;Alt St. Johann;+41787457930;kaethivetsch@bluewin.ch;https://hausamrain.ch;[{'@type': 'ImageObject', 'contentUrl': 'https://ttpimtsoch.sos-ch-dk-2.exoscale-cdn.com/catalog/2/3/5/4/23548e4a0f2abdf9b5d81305cea250849e9d8600_2.jpg'}];2026-06-03T16:23:39+02:00
a7669609-b863-4c5b-9c02-e2855b9ce7eb;Metzgerei Metzger AG / Extrawürste.ch;Die Metzgerei Metzger AG…
Traditionelle Toggenburger Spezialitäten Haus
Hausgemachte Fleisch und Wustwaren
Catering/Partyservice;… ist die Toggenburger Traditionsmetzgerei seit 1932. Über 200 Fleisch- und Wurstprodukte stellen wir selber her. Meist nach altbewährten Rezepten. Fast alles Fleisch stammt von Tieren aus dem Toggenburg. Unsere Lieferanten kennen wir persönlich. Bei Hygiene und Zusatzstoffen orientieren wir uns an modernsten Grundsätzen. Bis bald in unseren zwei besteingerichteten Verkaufsgeschäften im Toggenburg! Oder bei den Verkaufswagen überall im Zürcherland.

Im Unterschied zu Grossverteilern setzt die Metzgerei Metzger AG auf reine Handwerkskunst: Mitarbeitende mit teils jahrzehntelanger Erfahrung kontrollieren die Herstellung von der Fleischgewinnung bis zum Verkauf.

-Znüüni Hit: jeden Tag was von der warmen Theke für CHF 5.00 im Bürli
- Geschenke und Mitbringsel
- Catering; fragen Sie uns an: info@metzger-metzger.ch
- Hausgemachte Fleisch und Wurstspezialitäten
- Toggenburger Fleischspezialitäten; Stockbergspeck, Mostböckli, Birnenmöckli usw.
- extrawuerste.ch
- Fleisch- und Käseplatten für jede Gelegenheit;9.1985037;47.2278863;Hauptstrasse 11;9650;Nesslau;+41 71 994 18 16;info@metzger-metzger.ch;https://www.metzger-metzger.ch/;[{'@type': 'ImageObject', 'contentUrl': 'https://ttpimtsoch.sos-ch-dk-2.exoscale-cdn.com/catalog/e/a/1/0/ea1089b4a971157f6aee97315ac71fccd446b98b_20230209_164427.jpg'}];2025-10-10T11:45:47+02:00
a7c02bf1-0e4d-4d47-aa78-cc197eea4ec4;Yoga in der Trefferei in Unterwasser;Erlebe eine wohltuende Yoga-Praxis in der Trefferei – für alle Levels geeignet.

- Sanfte Flows zur Kräftigung & Dehnung
- Entspannung & Achtsamkeit in gemütlicher Atmosphäre
- Zeit für dich – zum Ankommen & Loslassen

Komm vorbei und gönn dir eine Auszeit! ✨;<p>Yoga bietet dir eine wertvolle Auszeit, in der wohltuende Bewegungen deinen K&ouml;rper und Geist st&auml;rken. Es f&ouml;rdert deine Kraft, Flexibilit&auml;t und verbindet Atmung mit Bewegung f&uuml;r ein harmonisches Wohlbefinden.</p>
<p>&nbsp;</p>
<p><a href="https://www.eversports.ch/scl/gesundheitszeit-gmbh" target="_blank" rel="noopener">Buche hier dein Yoga-Erlebnis</a></p>;9.307404756407534;47.19817667222202;Rotenbrunnenstrasse 2;9657;Unterwasser;+41792565621;billie_stump@hotmail.ch;https://www.gesundheitszeit.com;[{'@type': 'ImageObject', 'contentUrl': 'https://ttpimtsoch.sos-ch-dk-2.exoscale-cdn.com/catalog/9/8/7/e/987e319b0fe667fe8055a1acae4ed5f5ee75f8bf_IMG_20250228_WA0054.jpg'}];2025-12-19T15:39:40+01:00
abe52916-cfb2-4264-9e1e-57eb7a584b04;Hasenbüel - Ferien auf dem Bauernhof;Geniessen Sie wundervolle Ferien auf dem Bauernhof Hasenbüel im Dicken. Erleben Sie unseren Betrieb, unsere Tiere und eine unglaublich tolle Aussicht. ;Oberhalb des Dorfes Dicken im Neckertal liegt unser Hof mit herrlicher Aussicht in die Bergwelt. Wir betreiben Milchwirtschaft und Schweinezucht. Nebenbei haben wir noch einen Hofladen mit Konfitüren, Sirup, Eingemachtes und Geschenksartikel. 

Um sich vom Alltag zu erholen, geniessen Sie die Ruhe bei uns. Idealer Ausgangspunkt für Ausflüge ins Toggenburg und ins Appenzellerland. 

Unsere 5-Zimmer-Wohnung befindet sich im 3. Stock mit eigenem Eingang; Küche mit Esszimmer, Wohnzimmer, 2 Doppelzimmer, Dusche/WC. Eine Etage höher: ein Doppelzimmer. Raumhöhe 1,85 m. 

Herzlich willkommen - bei uns im Hasenbüel.;9.187876661075947;47.33900375;Hasenbüel 728;9115;Dicken;+41 71 377 13 25;tamara@hasenbuel.ch;https://www.hasenbuel.ch;[{'@type': 'ImageObject', 'contentUrl': 'https://ttpimtsoch.sos-ch-dk-2.exoscale-cdn.com/catalog/e/3/b/d/e3bdc30ea2b0ecc0ca3a0bc1d3f2063d25c3b8ed_Hasenb__el.jpg', 'caption': {'de': 'Unser Hof'}}];2026-07-22T16:07:17+02:00
ae0b3c2d-c8dc-4ff4-b37e-7af3f086a690;Ferien auf dem Bauernhof Halden;Eine heimelige 3-Zimmerwohnung mit einer wunderschönen Aussicht in die Berge.;In der Wohnung gibt es Platz für 7 Personen. Nebst der Küche, Wohnzimmer und Badezimmer sind 2 Doppelzimmer sowie ein Schlafzimmer mit zwei Einzelbetten vorhanden.;9.29376;47.2022;Halden 598;9657;Unterwasser;+41 71 999 18 07;schwizera@gmail.com;https://115817000000.holidaybooking.ch/ferienwohnung/446033/halden-598-unterwasser-toggenburg-ostschweiz-schweiz/#bewertung;[{'@type': 'ImageObject', 'contentUrl': 'https://ttpimtsoch.sos-ch-dk-2.exoscale-cdn.com/catalog/5/9/7/c/597cd612ba47e7200af4c52bc4dab533c7522f95_IMG_20240929_WA0004.jpg'}];2025-12-19T15:39:40+01:00
b5e72065-c202-4039-91dd-1606604d2898;24 Stunden Shop Wildhaus by Metzger Metzger;24 Stunden Rund um die Uhr Einkaufen. Leckere Toggenburger Spezialitäten;Der 24-Stunden-Delikatessen-Shop der Metzgerei Metzger AG hat immer leckere Spezialitäten aus der Region für sie bereit.
Direkt an der Hauptstrasse in Wildhaus (ehemals Foto Forrer). Da gibt’s Leckerbissen der Metzgerei Metzger und Toggenburger Spezialitäten von der Bauernfrau bis zum Käser. Frisch- und Trockenfleisch, Käse, Milch, Jogurt aus der Region, Geschenksartikel, gedörrtes Obst direkt vom Bauer, Brot und süsse vom Beck und allerlei gutes aus der Region für Proviant auf die Schneeschuhtour, auf den Grill und Herd in der Ferienwohnung oder einfach für zuhause.
Bezahlung erfolgt ganz unkompliziert mit Bargeld oder per TWINT. Eine Innovation der Metzgerei Metzger AG.;9.350298643112184;47.20319972965781;Hauptstrasse 10;9658;Wildhaus;0719941816;info@metzger-metzger.ch;https://www.metzger-metzger.ch;[{'@type': 'ImageObject', 'contentUrl': 'https://ttpimtsoch.sos-ch-dk-2.exoscale-cdn.com/catalog/6/0/e/1/60e1ade86f70b07e3edf984ce98f5a4ac10696bd_1000005805.jpg'}];2026-07-02T07:58:43+02:00
b8cb451f-6ed9-446e-9515-1c682194c5c3;Wolzenalp;Die Wolzenalp bietet familienfreundliche Erlebnisse im Sommer und Winter – mit Skigebiet, Kinderland, Wanderwegen, Spielplatz und regionaler Küche auf der sonnigen Panoramaterrasse.;<p>Die Wolzenalp begeistert das ganze Jahr &uuml;ber als vielseitiges Ausflugsziel f&uuml;r Familien, Naturfreunde und Geniesser. Ob verschneite Winterlandschaft oder sonnige Bergtage &ndash; hier warten unvergessliche Erlebnisse in jeder Jahreszeit. Im Winter verwandelt sich die Wolzenalp in ein besonders familienfreundliches Schneesportgebiet. Das &uuml;berschaubare Skigebiet mit liebevoll gestaltetem Kinderland bietet ideale Bedingungen f&uuml;r die ersten Schw&uuml;nge im Schnee. In der Schneesportschule lernen Kinder und Erwachsene spielerisch Ski- und Snowboardfahren. Erg&auml;nzt wird das Winterangebot durch abwechslungsreiche Schlittelpisten, stimmungsvolle Schneeschuhtouren und sorgf&auml;ltig pr&auml;parierte Winterwanderwege, die die verschneite Bergwelt auf ruhige Weise erlebbar machen. Im Sommer zeigt sich die Wolzenalp von ihrer naturverbundenen Seite. Familien geniessen den grossz&uuml;gigen Kinderspielplatz, gem&uuml;tliche Grillstellen und spannende Themenwege wie den Klimaerlebnisweg und den Moorerlebnisweg, die Naturwissen mit Bewegung verbinden. F&uuml;r Aktive bieten sich vielseitige Bike-Strecken sowie zahlreiche Wanderwege mit herrlichem Panorama &uuml;ber das Toggenburg an. Ein besonderes Highlight ist das Bergrestaurant mit sonniger Terrasse, das nicht nur mit einer traumhaften Aussicht &uuml;berzeugt, sondern auch mit frischen, regionalen Spezialit&auml;ten aus der Umgebung. Die Verbindung aus authentischer Berggastronomie, herzlicher Atmosph&auml;re und naturnahem Freizeitangebot macht die Wolzenalp zu einem einzigartigen Ausflugsziel f&uuml;r jede Jahreszeit. Ihre Vorteile auf einen Blick: Ganzjahres-Erlebnis f&uuml;r die ganze Familie, besonders kinderfreundliches Freizeitangebot. Naturerlebnisse im Sommer und Winter, regionale K&uuml;che mit Panoramaterrasse. Erholung und Aktivit&auml;t an einem Ort vereint.<br><br>Auskunft zur Zug&auml;nglichkeit: <a href="https://www.ginto.guide/entries/BFB0F82C-C09A-4943-B79D-E0A5B5611EA7?lnk_src=business">ginto</a></p>;9.168841838836672;47.243952753251826;Rietbach;9643;Nesslau-Krummenau;+41 71 994 11 61;info@wolzenalp.ch;https://www.wolzenalp.ch;[{'@type': 'ImageObject', 'contentUrl': 'https://ttpimtsoch.sos-ch-dk-2.exoscale-cdn.com/catalog/c/c/4/f/cc4f04a099bf78f822a020f69ba50a3523d083f0_Archivbild_mit_Logo_Wolzenalp.jpg'}];2026-08-08T08:01:41+02:00
c1605d07-bc69-43de-821a-59156c1603ab;Landwirtschaftsbetrieb RothMilch in Kengelbach;Eigene Hofmolkerei mit pasteurisierter Milch und Joghurt.;Wir stellen auf unserem Milchwirtschaftsbetrieb eigene pasteurisierte Vollmilch her. Die Milch kommt zu 100%  von unseren Kühen und wird möglichst nah am Naturprodukt gelassen.
Zusätzlich stellen wir aus unsere feinen Milch auch verschieden Fruchtjoghurts und das Naturjoghurt her. Die Milch und die Joghurts werden in Glasflaschen und Joghurtgläser abgefüllt und danach wiederverwendet.;9.067711830139162;47.33518668820797;Kengelbach 859;9615;Dietfurt;0794057113;info@roth-milch.ch;https://roth-milch.ch;[{'@type': 'ImageObject', 'contentUrl': 'https://ttpimtsoch.sos-ch-dk-2.exoscale-cdn.com/catalog/b/8/3/0/b8303dcac0b4f3127dc2081d2c362be05cb1ffbf_RothHof_200415_0348_ok.jpg'}];2025-12-19T15:40:55+01:00
c9380b25-0191-418b-a1ca-51db20bc61ac;Klettergarten Stoss;Klettergarten für die ganze Familie an sonniger Lage mit Aussicht auf die Churfirsten.;Der Klettergarten «Stoss» ist ab den gebührenpflichtigen Parkplatz «Laui» in ca. 1.5h Zustieg zu erreichen und bietet  bis zum Grad 6b aussichtsreiche Kletterrouten für die ganze Familie. 
Folgende Routen sind am Klettergarten «Stoss» anzutreffen: 
(Die Nummern in Klammern sind am Einstieg angeschrieben. Angaben ohne Gewähr)

Routen: 
- 0 / «Olaf» / 4c / 15m
- 1 / «Micki» / 4b / 15m
- 2 / «Gofi» / 3b / 15m
- 3 / «Fred» / 4b / 15m
- 4 / «Obelix» / 4c / 20m
- 5 / «Amore mio» / 4b / 40m
- 6 / «Dä Ahorn» / 5a / 40m 
- 7 (6a) / «lauf zue» / 4b / 40m
- 8 / «Siloetta» / 5a / 40m
- 9 (7) / «Blüemli» / 5a / 40m
- 10 (8) / «Schlitzohr» / 4a / 40m
- 11 (9) / «Let`s Go» / 5a / 40m
- 12 / «Margeritha» / 5b / 40m
- 13 (10) / «äs bitzeli grüen» / 5c / 40m
- 14 (11) / «R-Wäg» / 5c / 40m
- 15 (12) / «Di Ruch» / 4c / 40m
- 16 / «Mamma mia» / 5c+ / 40m
- 17 (13) / «Cät» / 6a+ / 45m
- 18 / (14) / «Tropf» / 5c+ / 45m 
- 19 / «Billy» / 5c+ / 45m
-20 (15) / «Irrwäg» / 5c+
- 21 (16) / «Bijou» / 5c / 45m
- 22 / «namelos» / 5c+ / 20m
- 23 (18) / «Träumli» / 6a+ / 20m
- 23a (19) / «Salü Koni» / 5c / 47m
- 24 (20) / «Via Andi» / 5c+ / 47m
- 25 (21) / «Heinz» / 5b+ / 47m
- 26 (22) / «Sieba Dezi» / 6a+ / 47m
- 27 (23) / «Nicoletta» / 5c+ / 47m
- 28 (25) / «Capretta/Top» / 5c / 47m
- 29 (26) / «Wespi Riss» / 5b / 45m
- 30 (27) / «De Sunnewäg» / 5c / 45m
- 31 (28) / «Gang go luege» / 5b / 35m
- 32 / «Probiere muesch» / 5c+ / 35m
- 33 / «jetz oder nie» / 5a / 35m
- 34 / «Ameisewäg» / 6a / 35m
- 35 / «Extra liecht» / 4c / 35m
- 36 / «No nöd schare» / 5b / 35m
- 36a / «Power isch gfragt» / 6b / 20m
- 37 / «Erbetta» / 4b / 35m
- 38 / «Moretta» / 4a / 35m
- 39 / «Bambi» / 3a / 15m
- 40 / «Angela» / 3a / 20m
- 41 / «Negretta» / 3b / 20m  

Weitere Informationen zu den Routen finden Sie im «SAC Kletterführer Alpstein» und in der Tourist Information Wildhaus.;9.314378499984743;47.22880286400825;Laui 2306;9657 ;Unterwasser;+41719999911;info@toggenburg.swiss;https://toggenburg.swiss/de/berge-erleben.html;[{'@type': 'ImageObject', 'contentUrl': 'https://ttpimtsoch.sos-ch-dk-2.exoscale-cdn.com/catalog/0/f/e/9/0fe93c10b1c619a70295b1b14d8b2ef1e5c2e86e_TOOGI_KLETTERN_sept14_RUPA_477.jpg'}];2025-12-19T15:39:40+01:00
cca3ac1b-a5c3-4d66-ae0b-30aac7f490aa;Sport Shop Iltios;Im Sportshop auf dem Iltios gibt es die perfekte Ausrüstung und die passenden Accessoires für einen Tag im Chäserrugg-Gebiet.;Auf dem Iltios finden Sie eine Auswahl an Skiausrüstungen für jedes Level: Ski, Stöcke, Helme, Schuhe. Für Einzelpersonen und Gruppen die ihren Skitag geniessen. Mitten im Gebiet unkompliziert probieren, fahren und wieder zurückbringen. Weitere Accessoires können im Sport Shop Iltios gekauft werden: Helme, Brillen, Handschuhe…;9.3127;47.1851;Frühweidstrasse 8;9657;Unterwasser;+41 71 998 68 10;info@chaeserrugg.ch;https://www.chaeserrugg.ch/de/Ausruestung_mieten.html;[{'@type': 'ImageObject', 'contentUrl': 'https://ttpimtsoch.sos-ch-dk-2.exoscale-cdn.com/catalog/2/9/3/9/2939caad6d992cef00e45aa6656e33e469ca9ad9_Iltios_4.jpg'}];2026-01-13T11:09:03+01:00
ce0ec21c-a4bd-4d10-8393-4d9251dae1f6;24-Stunden-Shop Metzgerei Metzger in Stein SG;Der 24-Stunden-Delikatessen-Shop der Metzgerei Metzger AG hat immer leckere Spezialitäten aus der Region für sie bereit.;Direkt an der Hauptstrasse Nesslau–Wildhaus in der alten Metzg im Dorf Stein SG. Da gibt’s Leckerbissen der Metzgerei Metzger und Toggenburger Spezialitäten von der Bauernfrau bis zum Käser. Frisch- und Trockenfleisch, Käse, Milch, Jogurt aus der Region, Geschenksartikel, gedörrtes Obst direkt vom Bauer, Brot und süsse vom Beck und allerlei gutes aus der Region für Proviant auf die Schneeschuhtour, auf den Grill und Herd in der Ferienwohnung oder einfach für zuhause.
Bezahlung erfolgt ganz unkompliziert bar im Couvert wie früher, oder per TWINT. Eine Innovation der Metzgerei Metzger AG.;9.2265659;47.2003328;Dorf 302;9655;Stein;071 994 18 16;info@metzger-metzger.ch;https://www.metzger-metzger.ch/;[{'@type': 'ImageObject', 'contentUrl': 'https://ttpimtsoch.sos-ch-dk-2.exoscale-cdn.com/catalog/d/e/7/3/de733762fdb9b08afb8dc49228d88859dde291dc_24_Stunden_Shop_01.jpg'}];2026-07-02T07:58:08+02:00
d0d5a764-a3f8-48e5-8fd5-92aaab7be114;Kegelbahn Hotel Restaurant Sternen Nesslau;Kegelbahn mit 2 Bahnen und Aufenthaltsraum im Kegelkeller.;Kegeln ist ein Spass für Kolleginnen und Kollegen, Freundinnen und Freunde oder für die ganze Familie. Bitte beachten Sie, dass eine Kegelpartie unbedingt vorreserviert werden soll, da der Keller gut besucht ist.;9.19909179210663;47.22382022634832;Hauptstrasse 28;9650;Nesslau;+41 71 994 19 13;sternen-nesslau@bluewin.ch;https://sternen-nesslau.ch;[{'@type': 'ImageObject', 'contentUrl': 'https://ttpimtsoch.sos-ch-dk-2.exoscale-cdn.com/catalog/7/1/7/5/71755595b53d77bdcfd9ffd26b481e0d062fbe12_VCE6pEiyUJmuuKTyjYsB.jpg'}];2025-10-10T14:33:15+02:00
d0ecc36c-b0aa-4705-8cd1-078880e469e5;Luftseilbahn Iltios – Chäserrugg;Rote Luftseilbahn vom Iltios auf den Gipfel, mit Kabinen entworfen von Herzog & de Meuron und Studio Noun;<p>Die Luftseilbahn Iltios – Chäserrugg bringt ganzjährig die Gäste bequem auf den östlichen Gipfel der sieben Churfirsten und zurück auf den Iltios. Während der Fahrt mit der Luftseilbahn schweift der Blick über die Landschaft des Toggenburgs, den Alpstein und bietet eine spannende Perspektive auf die Nordseite des Gipfelgebäudes. Des Weiteren können während der Fahrt oftmals Gämse in den vorbeiziehenden Felsbändern beobachtet werden, und die verschiedenen Gesteinsschichten treten eindrucksvoll zutage. Auf dem Chäserrugg befindet sich das Gipfelrestaurant Chäserrugg, wo Kulinarik und Architektur von Herzog & de Meuron eine harmonische Verbindung eingehen. Direkt am Gipfel schliesst die Hochebene Rosenboden mit dem Panoramarundweg an, der im Sommer wie auch im Winter begangen werden kann. Dabei bietet sich eine Aussicht auf über 500 Berggipfel in sechs Ländern, den Walensee und die umliegende Bergwelt. Im Winter bietet der Chäserrugg die längste Abfahrt im Obertoggenburg. Im Juni 2023 erhielt die Bahn zwei neue Kabinen, die in Zusammenarbeit mit den Architekten Herzog & de Meuron sowie Studio Noun entworfen wurden, um das Gästeerlebnis zu unterstreichen.</p><p> </p><p>Auskunft zur Zugänglichkeit: <a href="https://www.ginto.guide/entries/109623b1-b6e4-44db-87b2-865cf60efc9d?lnk_src=business" target="_blank" rel="noopener">ginto</a></p>;9.311814;47.185046;Früeweidstrasse 8;9657;Unterwasser;+41 71 998 68 10;info@chaeserrugg.ch;https://www.chaeserrugg.ch/de;[{'@type': 'ImageObject', 'contentUrl': 'https://ttpimtsoch.sos-ch-dk-2.exoscale-cdn.com/catalog/a/7/a/6/a7a69920155a2ac3d4ad7dd913dad634fa2813d4_0000702_chaeserrugg_shooting_am_S_24.jpg'}];2026-05-11T08:41:17+02:00
d29a3491-9163-4dc2-8d56-dd3b8559dbf1;Massagetherapie Undermüli in Alt St. Johann;Verspannungen, Kopfschmerzen, Rückenprobleme oder sonstige Bewegungseinschränkungen können mit einer Massage, zum Teil mit anderen therapeutischen Anwendungen kombiniert, gezielt behandelt werden.;Schmerzen werden gelindert oder die Behandlung kann einfach eine Wohltat sein. 
Ich habe eine über 20-jährige Berufspraxis und bin über die Zusatzversicherungen bei den meisten Krankenkassen anerkannt, spreche Deutsch, Französisch und Englisch. Parkplätze vor dem Haus, auch mit ÖV gut erreichbar.
Inkludierte Leistungen: Med. Klassische Massage, Fussreflexzonenmassage
 
Termin nach Vereinbarung
Details / Infos: www.wellmed.ch
Buchbar unter: www.wellmed.ch oder 079 678 65 67;9.280362725257875;47.19370442653;Sonnenhalbstrasse 14;9656;Alt St. Johann;079 678 65 67;info@wellmed.ch;http://www.wellmed.ch;[{'@type': 'ImageObject', 'contentUrl': 'https://ttpimtsoch.sos-ch-dk-2.exoscale-cdn.com/catalog/5/3/d/b/53db3361a7a165e5306418b83ea7fd011322e036_Praxis.jpg'}];2026-06-01T14:31:17+02:00
d5ffd9f5-0110-4265-98eb-49eb929dd191;Hofladen Keller;Ein Hofladen fast auf der Gemeindegrenze. ;Der Hofladen von der Familie Keller liegt direkt auf dem Chogelhuet. Dies ist ein kleiner Pass zwischen den Gemeinden Kirchberg und Mosnang. 

Im Laden gibt es je nach Saison Apfelsaft, verschiedene frische Beeren sowie verschiedenes Gemüse oder Eingemachtes und Konfitüre. 

;9.039376974105837;47.38167484310615;9602;Müselbach;079 731 75 55;[{'@type': 'ImageObject', 'contentUrl': 'https://ttpimtsoch.sos-ch-dk-2.exoscale-cdn.com/catalog/2/f/8/b/2f8b796e71c2e9b606b4b5da2264580d9f2d4515_Hofladen.jpg'}];2026-07-26T13:51:57+02:00
d8a51b25-d80f-488e-8222-afdf8332dda6;Ayursana Yoga Shala;Ayursana Yoga & Events im Toggenburg: Yoga, Achtsamkeit und Wohlbefinden in entspannter Atmosphäre. Kurse, Workshops sowie Yoga & Zmorge für neue Energie.;<p><strong>Ayursana Yoga &amp; Events &ndash; dein Ort f&uuml;r Bewegung, Entspannung und Begegnung </strong></p><p>Bei Ayursana Yoga &amp; Events findest du einen wohltuenden Raum f&uuml;r Yoga, Achtsamkeit und ganzheitliches Wohlbefinden. In ruhiger Atmosph&auml;re im Toggenburg erwarten dich vielseitige Workshops, Gruppenkurse oder Privatstunden, Vortr&auml;ge und besondere Veranstaltungen rund um Gesundheit, Bewegung und innere Balance. Ob Yoga, Atemarbeit, Entspannung oder inspirierende Impulse: Hier darfst du ankommen, auftanken und dir bewusst Zeit f&uuml;r dich nehmen. Ein besonderes Erlebnis ist Yoga &amp; Zmorge &ndash; sanfter Yoga Flow trifft auf reichhaltiges Zmorge Buffet &ndash; ayurvedisch &amp; vegan.&nbsp;</p><p><strong>Ayursana Yoga &amp; Events &ndash; Raum f&uuml;r dich, deine Gesundheit und dein Wohlbefinden.</strong>&nbsp;<br><br><strong>Aktueller Stundenplan: </strong></p><p>Dienstag 18:30 &ndash; 19:30 Hatha / Hatha Flow ausgleichend</p><p>Mittwoch 08:30 &ndash; 09:30 Stuhl Yoga ab 1.10.2026</p><p>Mittwoch 17:00 &ndash; 18:00 Stuhl Yoga</p><p>Mittwoch 19:00 &ndash; 20:00 Hatha / Hatha Flow ausgleichend</p><p>Mittwoch 20:15 &ndash; 21:15 Pfuus Guet Yoga entspannend (hybrid)</p><p>Samstag 09:00 &ndash; 10:00 Yoga am Fluss bis ca. 30.09.2026 Funcional Yoga ab 01.10.2026</p><p>Sonntag 18:00 &ndash; 19:00 Sunday Funday Flow Nur online</p>;9.0871589;47.323174;Hauptgasse 18;9620;Lichtensteig;+41 78 726 51 54;info@ayursana.ch;https://www.ayursana.ch;[{'@type': 'ImageObject', 'contentUrl': 'https://ttpimtsoch.sos-ch-dk-2.exoscale-cdn.com/catalog/b/b/0/e/bb0e946c577da360652b29acf1226db424e7a1d0_1_WII_2369_comp30.jpg'}];2026-08-20T08:44:23+02:00
e5a3aeb8-270d-4498-b003-6141186aa172;Abderhalden Drogerie AG;Der Leitsatz war immer derselbe: Die Kraft der Pflanzen nutzen, um Gesundheit und Wohlbefinden zu schaffen. ;Heute stellt die Abderhalden Drogerie rund 500 Produkte selbst her. Sie werden mit Rückblick auf bewährte, traditionelle Rezepturen erstellt, wobei auf neue, wissenschaftliche Erkenntnisse schnell reagiert werden kann. ;9.0866448;47.3004792;Bahnhofstrasse 9;9630 ;Wattwil;071 988 13 12;info@abderhaldendrogerie.ch;https://abderhaldendrogerie.ch/;[{'@type': 'ImageObject', 'contentUrl': 'https://ttpimtsoch.sos-ch-dk-2.exoscale-cdn.com/catalog/f/4/0/9/f40968479106245a9da4dbd9f2fbeba4f37235e5_Drogerie_Abderhalden_Wattwil.jpg'}];2025-12-19T15:40:55+01:00
e723ecde-97d6-4de9-a59c-f0df25547bc1;APODRO Drogerie Wildhaus;Ob in den Ferien, im Seminar- oder Kuraufenthalt – geeignete Einkaufsmöglichkeiten sind unersetzlich. Und wieso in die Ferne schweifen, wenn das Gute so nah liegt?;Bei der APODRO Drogerie Wildhaus stehen Natur und gute Beratung im Fokus. Angeboten wird neben klassischen Medikamenten eine grosse Palette an Naturheilmitteln wie Spagyrik, Schüssler Salze, Bachblüten, Aromatherapie, Homöopathie und reine Phytotherapie wie Tee und Urtinkturen. Dabei stehen individuell auf die Kundschaft abgestimmte Mischungen stets im Vordergrund. Das Drogeriesortiment wird mit einem auserlesenen Angebot an Nahrungsergänzungsmitteln, Kosmetik und Boutique Artikeln abgerundet. In Kombination mit biologischen Reformprodukten ergibt dies eine wunderbare Synergie.;9.3399366;47.201513;Hauptstrasse 93;9658;Wildhaus;+41 55 555 33 60;drogerie-wildhaus@apodro.ch;https://www.apodro.ch/;[{'@type': 'ImageObject', 'contentUrl': 'https://ttpimtsoch.sos-ch-dk-2.exoscale-cdn.com/catalog/a/3/7/2/a37240c2687b34c11ac38e827b4e5761e89f5e9c_APODRO_Drogerie_Wildhaus.jpg'}];2026-01-13T01:34:15+01:00
ebd0c2a5-6fdc-4670-a857-fce28504d1a0;Schererei;Herzlich willkommen in der Welt der Scherenschnitte von Jolanda Brändle. Die Tür von Laden und Galerie im Haus Schererei lädt zum Staunen, Erfreuen und Verweilen ein. Ein Besuch lohnt sich!;Angebote Haus Schererei

Laden:
Sie finden auf rund 140m2 Verkaufsfläche nebst einmaligen Originalbildern ein grosses Sortiment von Scherenschnitt-, Geschenks- und Gebrauchsartikel. 

Führungen:
Planen Sie einen Vereinsausflug, Gruppenevent, Firmenanlass oder eine Familienfeier mit einem besonderen Erlebnis?
Eine Führung durch die "Schererei" mit Präsentation des Kunsthandwerks ist immer interessant und eine Reise nach Mosnang wert.

Kurse: 
In der Schererei finden immer wieder Kurse nach Vorlagen oder mit eigener Zeichnung statt. 

Silhouetten schneiden:
Die Kunst von Silhouetten schneiden eignet sich bestens zur Auflockerung Ihres Events. Jolanda Brändle schneiden an Ihrem Anlass in wenigen Minuten Profile Ihrer Gäste detailgetreu aus schwarzem Papier - dank langjähriger Erfahrung, ohne vorzuzeichnen.

Vermietung Saal und Parkanlage
Der Schererei-Saal im 1. Obergeschoss kann gemietet werden und eignet sich ausgezeichnet für Kurse, Partys und andere Anlässe. Es stehen 70m2 Saal und zusätzlich 32m2 Bühne zur Verfügung. 
Der einladende, hübsche Park vor der Schererei eignet sich hervorragend für Apéros oder kleinere Veranstaltungen.;9.039115072098214;47.3627171;Bärenwiese 1;9607;Mosnang;+41 79 739 95 46;jolanda@schererei.ch;https://www.schererei.ch/;[{'@type': 'ImageObject', 'contentUrl': 'https://ttpimtsoch.sos-ch-dk-2.exoscale-cdn.com/catalog/6/e/b/2/6eb293a7a5e64092a45ec24383454f3aea9cac73_Aussenansicht.jpg'}];2026-01-10T03:05:18+01:00
f5d3af54-a294-4e2c-b353-62a3c55b55bd;Kino Passerelle;Seit unserer Eröffnung als erstes genossenschaftliches Kino der Schweiz am 17. November 1990 gehören unsere täglichen Vorstellungen zum selbstverständlichen kulturellen Angebot des Toggenburgs.;Die Gründung der Genossenschaft Kino Passerelle ist dabei auf eine mutige Initiative aus den Reihen des ehemaligen Ciné-Clubs zurückzuführen. Nach der Schliessung des bisherigen &quot;Kino Speer&quot; 1987 konnte so mit der breiten Unterstützung der Bevölkerung wieder ein Kino im Toggenburg seine Türen öffnen.

Im November 2002 konnten ein zweiter Saal und eine Kinobar eröffnet werden. Da sich die Kinobranche in den letzten Jahren in einer starken Umbruchsphase befindet, sind auch im Kino Passerelle diverse Schritte unternommen worden, um die Zukunft zu sichern. Die Beschaffung der herkömmlichen 35mm-Filme gestaltete sich zunehmend als schwierig, weshalb 2012 die bisherigen Projektoren durch moderne Digitalprojektoren ersetzt wurden. 

Am 3. September 2016 konnte das Kino Passerelle schlussendlich auch eine komplett neue Saalbestuhlung der Öffentlichkeit präsentieren. In Anwesenheit des Regisseurs Xavier Koller wurde „Die Reise der Hoffnung“ gezeigt – der gleiche Film, der am 17. November 1990 als erster Film im Kino Passerelle vorgeführt worden war.

Die Auswahl der Filme gestalten wir sehr bewusst und sehr vielfältig. Uns liegen kulturelle Studio- und Arthouse-Filme ebenso am Herzen wie anspruchsvolle Dokumentarfilme, regionales und schweizerisches Filmschaffen und Familienfilme. Durch verschiedene Spezialanlässe, auch in Zusammenarbeit mit anderen regionalen Institutionen, möchten wir unserem Publikum ausserdem bestimmte Themen bewusst und auf attraktive Weise näherbringen.

Durch eine lokale Verankerung, ein überlegtes Filmprogramm und eine persönliche Nähe zu unseren Gästen und Genossenschafter:innen möchten wir so unserem Publikum das Tor zur weiten Welt des Films offenhalten.

Hinweis: Grosser Saal ist rollstuhlgängig; rollstuhlgerechte Toilette ist vorhanden.;9.08898;47.29702;Austrasse 3;9630;Wattwil;+41 71 988 60 50;info@kinopasserelle.ch;http://kinopasserelle.ch;[{'@type': 'ImageObject', 'contentUrl': 'https://ttpimtsoch.sos-ch-dk-2.exoscale-cdn.com/catalog/2/f/0/0/2f006e19b41939c3b485689770f11e259fbcb74f_HUG_0510.png'}];2026-01-10T03:06:32+01:00
