id;name;disambiguatingDescription;description;longitude;latitude;streetAddress;postalCode;addressLocality;telephone;email;url;image;dateModified0417e454-794c-42ef-954e-7e65b4efa2bd;Alpkäserei Gamplüt;Willkommen auf der Alp Gamplüt im Toggenburg.;Mit viel Liebe und handwerklichem Können stellen wir Alpkäse in unserer eigenen Käserei her.;9.344427287578585;47.21196041275878;Gamplüt;9658;Wildhaus;079 580 81 71 / 079 569 89 71;info@alpkaeserei-gampluet.ch;https://alpkaeserei-gampluet.ch;[{'@type': 'ImageObject', 'contentUrl': 'https://ttpimtsoch.sos-ch-dk-2.exoscale-cdn.com/catalog/c/a/5/d/ca5dba0c5dc6a7b58c910a95bb257f5d1bd7a395_AKGT_Outdoor_DSC07183_web.jpg'}];2026-07-15T09:54:28+02:00
22b054bd-d244-4aee-9aca-df658f8fbfca;Wildhaus, Gamserrugg;9.337892531912077;47.1594984480759;[{'@type': 'ImageObject', 'contentUrl': 'https://ttpimtsoch.sos-ch-dk-2.exoscale-cdn.com/catalog/6/6/e/8/66e8e5d2ce3d49395f1eab530d308aa60b2b59ac_wildhaus.png'}];2025-12-19T15:39:35+01:00
3a18be77-edde-45b0-a7fc-dfd64d78bc36;Mogelsberg, Baumwipfelpfad;9.14341986179352;47.358107367856924;[{'@type': 'ImageObject', 'contentUrl': 'https://ttpimtsoch.sos-ch-dk-2.exoscale-cdn.com/catalog/e/9/1/f/e91f87a7f88e85e95d5c6c717c25548662e4a162_webcam_baumwipfelpfad_bild.jpg'}];2025-11-21T10:28:20+01:00
63a1c040-5ca2-4691-8959-4732391badbc;Reitschule für Kinder und Erwachsene / geführte Ausritte im Toggenburg;Ob Reitstunden auf Schulpferden, geführte Ausritte oder Bodenarbeitskurse – bei uns finden Pferdefans jeden Alters ein passendes Angebot.;<p>Auf unserem modernen Sandplatz in Dietfurt SG bieten wir pferdebegeisterten Kindern und Erwachsenen Reitstunden auf gut ausgebildeten Schulpferden an.<br>Zudem k&ouml;nnen auch gef&uuml;hrte Ausritte ins Gel&auml;nde oder Bodenarbeitskurse gebucht werden.</p>
<p>Weitere Informationen zu unseren Angeboten, Preisen und Kursen finden Sie auf unserer Website unter:<br><a href="https://kutschenfahrten-scherrer.ch/Reitschule/">www.kutschenfahrten-scherrer.ch</a>, Rubrik&nbsp;<strong>Reitschule</strong>.</p>;9.0767387;47.3438857;Eichli, 680;9615;Dietfurt;078 823 02 70;ramaechler1@gmail.com;https://www.kutschenfahrten-scherrer.ch;[{'@type': 'ImageObject', 'contentUrl': 'https://ttpimtsoch.sos-ch-dk-2.exoscale-cdn.com/catalog/a/7/9/0/a7906dbbea0c570d696618fede823cc15555fdc5_Gel__nderitt1.jpg'}];2025-12-19T15:40:52+01:00
63f1cef3-073b-4d9e-9557-92f0874b6144;Säntisloipe;9.2339398;47.2440338;[{'@type': 'ImageObject', 'contentUrl': 'https://ttpimtsoch.sos-ch-dk-2.exoscale-cdn.com/catalog/4/1/e/7/41e7b7901bdc7e8f36f3149951ab371c09178042_langlauf.jpg'}];2025-10-22T15:33:38+02:00
70ac280f-a9d1-4809-960f-b0438de93f1c;Grillstelle und Badestelle Mündung Thur und Necker;Ein lauschiges Badeplätzchen, bei Einheimischen äusserst beliebt, verbirgt sich in der Schlucht bei Lütisburg, wo Thur und Necker zusammenfliessen.;Den Ausflug an den wunderschönen, ruhig gelegenen Badeplatz muss man sich verdienen. Ein kleiner Fussmarsch ist unumgänglich, wer das Flussufer erreichen will. Von der Hauptstrasse, die Lütisburg und Ganterschwil verbindet, führen gekieste Strässchen hinunter zum Fluss. Besser gesagt: zu den Flüssen. Denn hier mündet der wilde Necker in die breite Thur. An deren Ufer gibt es etliche Plätze zum Verweilen, zum Bräteln. Wenn die Flüsse nicht viel Wasser führen, ist das Bett breit und einfach zugänglich. 
Auf dem Weg zum Fluss liegt die historische Holzbrücke Letzibrücke. Hier befinden sich eine Grillstelle und Mülleimer, oft wird im Sommer ein mobiles Toilettenhäuschen aufgestellt. Infotafeln geben Auskunft über das Naturschutzgebiet. Respekt und Rücksichtnahme auf die schöne Natur sind eine Selbstverständlichkeit.;9.08172;47.39095;9604;Lütisburg;+41 71 999 99 11;info@toggenburg.swiss;https://toggenburg.swiss;[{'@type': 'ImageObject', 'contentUrl': 'https://ttpimtsoch.sos-ch-dk-2.exoscale-cdn.com/catalog/4/d/9/b/4d9ba8bab50fa30816286112369e31e891c2f162_Bilder_Eisenring_165.jpg'}];2026-02-26T13:41:30+01:00
8b381667-e759-4f2f-8b6e-287f239a572d;Naturbühne Holzegg;Offene Holzplattform als Aufenthalts- und Begegnungsort.;<p>Aus heimischem Holz gefertigt, liegt diese Plattform entlang des Thur- und Neckerwegs frei im Landschaftsraum. Sie schafft eine klare, einfache Fl&auml;che im Freien &ndash; offen f&uuml;r das, was entstehen will.<br><br>Die B&uuml;hne kann spontan genutzt oder reserviert werden. Ob allein, zu zweit oder in einer kleinen Gruppe &ndash; hier entsteht Raum f&uuml;r Austausch, f&uuml;r Proben oder Trainings, Kurse und Workshops, kleine Vorf&uuml;hrungen oder f&uuml;r Team-Meetings &laquo;mal anders&raquo;. Die Naturb&uuml;hne bietet einen besonderen Rahmen f&uuml;r gemeinsame Momente in neuer Umgebung. Alternativ dient sie als Platz f&uuml;rs Picknick oder den Lunch am Mittag.</p>;9.185694;47.226778;Holzegg;9650;Nesslau;+41 71 999 99 11;info@toggenburg.swiss;https://thurundneckerweg.ch;[{'@type': 'ImageObject', 'contentUrl': 'https://ttpimtsoch.sos-ch-dk-2.exoscale-cdn.com/catalog/7/a/0/6/7a0697bd96e92750eb54ce8af2e3e8a0e5243b1e_Naturb__hne_Holzegg__Nesslau.jpeg'}];2026-02-26T11:09:51+01:00
917ebc5d-1429-4ce7-a5bb-77e0492b2555;Klangsein: Wohltuende und regenerierende Entspannung durch Klang.;Die Klangmassage mit Peter Hess®-Therapie Klangschalen
kann je nach Bedürfnis gestaltet werden. ;<p>Die Klangschalenmassage zeichnet sich durch obertonreiche Kl&auml;nge und feine Vibrationen aus, welche unser Nervensystem beruhigen. Die Klangschalen werden sowohl auf, als auch um den bekleideten K&ouml;rper positioniert und mit einem Filzschl&auml;gel sanft zum Klingen gebracht. Die harmonischen, obertonreichen Kl&auml;nge der verschiedenen Schalen erm&ouml;glichen Tiefenentspannung. Die feinen Vibrationen der Schalen bringen die Fl&uuml;ssigkeit im K&ouml;rper zum Schwingen und breiten sich im K&ouml;rper aus, vergleichbar mit den konzentrischen Wellen, die entstehen, wenn ein Stein ins Wasser f&auml;llt. Muskul&auml;re Verspannungen werden sanft gel&ouml;st, Faszien gelockert sowie Durchblutung und Lymphfluss angeregt. Die tiefe Entspannung beeinflusst Atmung, Herzkreislaufsystem, Stoffwechsel und Verdauungssystem positiv. Die Regenerationsf&auml;higkeit des K&ouml;rpers wird so gef&ouml;rdert. Das urspr&uuml;ngliche Vertrauen sowie die K&ouml;rper- und Selbstwahrnehmung werden gest&auml;rkt. Ein Gef&uuml;hl von Entspannung und Leichtigkeit wird erfahrbar &ndash; Wellness f&uuml;r K&ouml;rper, Seele und Geist.</p>;9.30894;47.20253;Nesselhalden 755;9657;Unterwasser;078 767 50 95;info@klangsein.ch;https://klangsein.ch;[{'@type': 'ImageObject', 'contentUrl': 'https://ttpimtsoch.sos-ch-dk-2.exoscale-cdn.com/catalog/7/9/9/1/7991e99eafa34c871e58fe1ce0f4e91d8a6f9d58_Klangsein_Klangschale_First_Churfirsten_Obertoggenburg.JPG'}];2026-02-03T10:40:42+01:00
a0d2c242-070e-4e2f-836b-4feb51c63968;Toggenburg-Guides;Geführte Outdoor-Erlebnisse mit einheimischen Guides;Willkommen bei unserer Gemeinschaft von Bergführern und Wanderleitern im Toggenburg.
Bei uns findest du Touren und Erlebnisse, die von erfahrenen Profis geplant und begleitet werden.
Gemeinsam entdecken wir die Schönheit der Berge - ob sanft oder anspruchsvoll.
Wir nehmen dich mit hinaus in die Natur: sicher, authentisch und genau so, wie es zu dir passt.;9.25304174423218;47.185727089944905;Hof-Starkenbach;9656 ;Alt St. Johann;info@toggenburg-guides.ch;https://www.toggenburg-guides.ch;[{'@type': 'ImageObject', 'contentUrl': 'https://ttpimtsoch.sos-ch-dk-2.exoscale-cdn.com/catalog/4/7/8/3/47832aab2c2b561185152a45c93b99259953dc69_01_Logo_Toggenburg_Guides600.png'}];2026-04-27T14:48:29+02:00
b7e3cdba-d614-48dc-9f29-ec1c7e805efd;Themenparcours Alder + Eisenhut;13 verschiedene Posten, welche die Turngerätefabrikation, die Geschichte der Firma, die Natur rundherum und die Menschen hinter Alder + Eisenhut vorstellen.;Rund um das knapp 30'000 m2 grosse Areal der Firma Alder + Eisenhut befinden sich 13 verschiedene Posten, welche die Turngerätefabrikation, die Geschichte der Firma, die Natur rundherum und die Menschen dahinter vorstellen. Mit den Posten zum Felsenstein und der Rotfarbfabrik beleuchtet der Themenparcours auch einen Teil der Textilgeschichte Ebnat-Kappels.

Die Informationen dieser Posten können via QR-Code bzw. mit der Fixfinder-APP gelesen werden. Das Postennetz ist eine Ergänzung zur Ausstellung im Turngeräte-Museum und kann auch ausserhalb der Öffnungszeiten besucht werden.;9.115742400845049;47.265513299999995;Industriestrasse 10;9642;Ebnat-Kappel;+41719926633;info@alder-eisenhut.swiss;https://www.alder-eisenhut.ch/;[{'@type': 'ImageObject', 'contentUrl': 'https://ttpimtsoch.sos-ch-dk-2.exoscale-cdn.com/catalog/0/0/5/f/005f072629c6efdbf03faec9d3d9fb7c971a32fa_alder_und_eisenhut.JPG'}];2025-05-17T04:46:23+02:00
bbe801fe-5f7b-4517-b74b-99b0cf9aa51b;Bänkli-Fitness-Weg;Eine Kombination aus Kraft- und Gleichgewichtstraining ist besonders effektiv. Gezieltes Gleichgewichtstraining verbessert die Standstabilität und unterstützt eine kontrollierte Körperhaltung.;<div><p>Regelm&auml;ssiges Training beziehungsweise k&ouml;rperliche Aktivit&auml;t ist in jedem Alter wichtig. F&uuml;r &auml;ltere Menschen stellt es eine wesentliche Grundlage f&uuml;r ein selbstbestimmtes Leben dar. F&uuml;r Jugendliche und Breitensportler ist Bewegung ein fester Bestandteil sozialer Begegnungen, des Wohlbefindens und der Steigerung der Fitness. Die Lebensqualit&auml;t kann dadurch deutlich verbessert werden.</p><p>Eine Kombination aus Kraft- und Gleichgewichtstraining ist besonders effektiv. Gezieltes Gleichgewichtstraining verbessert die Standstabilit&auml;t und unterst&uuml;tzt eine kontrollierte K&ouml;rperhaltung. Auch die Maximalkraft der Haltemuskulatur wird durch Gleichgewichtstraining gest&auml;rkt. Im Alter kann dies zu einer Verringerung der Sturzgefahr f&uuml;hren.</p><p>Bewegung st&auml;rkt zudem das Immunsystem und f&ouml;rdert die Sauerstoffaufnahme. Das Herz-Kreislauf-System wird gest&auml;rkt, und sowohl die Regeneration als auch die psychische Verfassung profitieren davon. K&ouml;rperliche Aktivit&auml;t unterst&uuml;tzt das K&ouml;rper- und Selbstbewusstsein, verbessert den Schlafrhythmus und tr&auml;gt zum Stressabbau bei.</p><p>Nebst einem gezielten Training ist die Freude an der Bewegung wichtig &ndash; Training soll Spass machen. Und gemeinsames Training macht doppelt Freude.</p></div>;9.348828792572023;47.20351976581697;Mittelweg;9658;Wildhaus;+41795009161;christianasutter@me.com;[{'@type': 'ImageObject', 'contentUrl': 'https://ttpimtsoch.sos-ch-dk-2.exoscale-cdn.com/catalog/5/0/9/d/509d39fd9c9ca1f3613d7419bc7d1b49c5ba7b03_IMG_2249.jpg'}];2026-02-17T08:04:34+01:00
c5853b89-4674-4cd4-ac31-8f9d86b574e8;Unterwasser, Chäserrugg;9.312157606283439;47.15498056683987;[{'@type': 'ImageObject', 'contentUrl': 'https://ttpimtsoch.sos-ch-dk-2.exoscale-cdn.com/catalog/0/e/f/2/0ef2180cedd3f484955e3534bb0c661cf9185ac8_Ch__serrugg.png'}];2025-12-19T15:39:40+01:00
d29a3491-9163-4dc2-8d56-dd3b8559dbf1;Massagetherapie Undermüli in Alt St. Johann;Verspannungen, Kopfschmerzen, Rückenprobleme oder sonstige Bewegungseinschränkungen können mit einer Massage, zum Teil mit anderen therapeutischen Anwendungen kombiniert, gezielt behandelt werden.;Schmerzen werden gelindert oder die Behandlung kann einfach eine Wohltat sein. 
Ich habe eine über 20-jährige Berufspraxis und bin über die Zusatzversicherungen bei den meisten Krankenkassen anerkannt, spreche Deutsch, Französisch und Englisch. Parkplätze vor dem Haus, auch mit ÖV gut erreichbar.
Inkludierte Leistungen: Med. Klassische Massage, Fussreflexzonenmassage
 
Termin nach Vereinbarung
Details / Infos: www.wellmed.ch
Buchbar unter: www.wellmed.ch oder 079 678 65 67;9.280362725257875;47.19370442653;Sonnenhalbstrasse 14;9656;Alt St. Johann;079 678 65 67;info@wellmed.ch;http://www.wellmed.ch;[{'@type': 'ImageObject', 'contentUrl': 'https://ttpimtsoch.sos-ch-dk-2.exoscale-cdn.com/catalog/5/3/d/b/53db3361a7a165e5306418b83ea7fd011322e036_Praxis.jpg'}];2026-06-01T14:31:17+02:00
d3184543-d322-4865-8753-76e89a28773a;Klettergarten Zwinglipass;Klettern rund um den Zwinglipass.;In der näheren und weiteren Region um die Hütte gibt es viele schöne Klettergebiete im besten Kalk: Gätterifirst, Kreuzberge, Dreifaltigkeit, Fälentürm und ganz besonders am Hausberg der Zwinglipasshütte, dem Altmann, dem zweithöchsten Berg des Alpsteins. 

Der Klettergarten «Zwinglipass» ist ab der Talstation der Bergbahn Gamplüt in einer ca. 3-stündigen Wanderung zu erreichen. 

Er bietet Routen in verschiedensten Schwierigkeitsgraden von 2a (Schaffhauser Kamin) bis 6c+ (Via Hacky Sack) an, welche über die verschiedenen Grate oder durch die Südwand auf den Gipfel des Altmanns führen. 

Der Kletterführer liegt in der Hütte auf.

Weitere Informationen zu den Routen finden Sie im «SAC Kletterführer Alpstein» und in der Tourist Information Wildhaus.;9.37485694885254;47.23658824304505;Zwinglipass;9658;Wildhaus;+41719999911;info@toggenburg.swiss;https://toggenburg.swiss;[{'@type': 'ImageObject', 'contentUrl': 'https://ttpimtsoch.sos-ch-dk-2.exoscale-cdn.com/catalog/6/a/6/6/6a66bdff6b09c6c34abfe2c7233d56ea91d37b8b_TOOGI_KLETTERN_sept14_RUPA_392.jpg'}];2025-12-19T15:39:40+01:00
ddf5e3fa-59cb-4775-8873-7823dea323d2;Wildhaus, Gamplüt;9.343510865946884;47.213138794267074;[{'@type': 'ImageObject', 'contentUrl': 'https://ttpimtsoch.sos-ch-dk-2.exoscale-cdn.com/catalog/b/2/e/6/b2e617efe081e9805a0280e6c85831fead93396e_gampl__t.png'}];2025-12-19T15:39:40+01:00
ec43829d-772d-42de-8e32-251d5fb0d468;Unterwasser, Iltios;9.312238097190859;47.185286613728024;[{'@type': 'ImageObject', 'contentUrl': 'https://ttpimtsoch.sos-ch-dk-2.exoscale-cdn.com/catalog/1/a/b/9/1ab9f65016f42ae112ea6c489988f913cff844f4_Screenshot_2025_11_14_165128.png'}];2025-12-19T15:39:41+01:00
f4d4d8fb-3560-4159-a74e-534903a99467;Ferienhaus Undereggli;Das Haus steht an traumhafter, ruhiger Lage oberhalb Ennetbühl, auf einer Sonnenterasse ca. 1000 m.ü.M. mit wunderbarer Aussicht auf Säntis, Churfirsten und Speergebiet.;INNENBEREICH

Das gemütlich eingerichtete 4 Zimmerhaus Undereggli erstreckt sich über 2 Etagen. Im Erdgeschoss befindet sich neben dem grosszügigen Eingang der Wohnraum mit einem Speicherofen und angrenzend eine grosszügige Küche. Weiter hat es ein Badezimmer mit Dusche, Badewanne und Waschmaschine. Im Obergeschoss finden Sie ein separates WC, zwei Doppelzimmer und ein Wohnzimmer mit ausziehbarer Couch.

AUSSENBEREICH
Mitten in der Landwirtschaftszone stehen verschiedene möblierte Sitzplätze mit wunderbarer Weitsicht auf Säntis, Stockberg, Churfirsten und Speergebiet zur Verfügung.;9.198608720464183;47.240642884066;Gublenstrasse 940;9651;Ennetbühl;[{'@type': 'ImageObject', 'contentUrl': 'https://ttpimtsoch.sos-ch-dk-2.exoscale-cdn.com/catalog/c/4/9/f/c49f5e199a83a6fdd31f78de3ef95c7def73db4e_a7ca3cb5d3f0974af2b6ecb620a549415a1aa3de_image.jpg'}];2025-05-17T06:20:53+02:00
f5d3af54-a294-4e2c-b353-62a3c55b55bd;Kino Passerelle;Seit unserer Eröffnung als erstes genossenschaftliches Kino der Schweiz am 17. November 1990 gehören unsere täglichen Vorstellungen zum selbstverständlichen kulturellen Angebot des Toggenburgs.;Die Gründung der Genossenschaft Kino Passerelle ist dabei auf eine mutige Initiative aus den Reihen des ehemaligen Ciné-Clubs zurückzuführen. Nach der Schliessung des bisherigen &quot;Kino Speer&quot; 1987 konnte so mit der breiten Unterstützung der Bevölkerung wieder ein Kino im Toggenburg seine Türen öffnen.

Im November 2002 konnten ein zweiter Saal und eine Kinobar eröffnet werden. Da sich die Kinobranche in den letzten Jahren in einer starken Umbruchsphase befindet, sind auch im Kino Passerelle diverse Schritte unternommen worden, um die Zukunft zu sichern. Die Beschaffung der herkömmlichen 35mm-Filme gestaltete sich zunehmend als schwierig, weshalb 2012 die bisherigen Projektoren durch moderne Digitalprojektoren ersetzt wurden. 

Am 3. September 2016 konnte das Kino Passerelle schlussendlich auch eine komplett neue Saalbestuhlung der Öffentlichkeit präsentieren. In Anwesenheit des Regisseurs Xavier Koller wurde „Die Reise der Hoffnung“ gezeigt – der gleiche Film, der am 17. November 1990 als erster Film im Kino Passerelle vorgeführt worden war.

Die Auswahl der Filme gestalten wir sehr bewusst und sehr vielfältig. Uns liegen kulturelle Studio- und Arthouse-Filme ebenso am Herzen wie anspruchsvolle Dokumentarfilme, regionales und schweizerisches Filmschaffen und Familienfilme. Durch verschiedene Spezialanlässe, auch in Zusammenarbeit mit anderen regionalen Institutionen, möchten wir unserem Publikum ausserdem bestimmte Themen bewusst und auf attraktive Weise näherbringen.

Durch eine lokale Verankerung, ein überlegtes Filmprogramm und eine persönliche Nähe zu unseren Gästen und Genossenschafter:innen möchten wir so unserem Publikum das Tor zur weiten Welt des Films offenhalten.

Hinweis: Grosser Saal ist rollstuhlgängig; rollstuhlgerechte Toilette ist vorhanden.;9.08898;47.29702;Austrasse 3;9630;Wattwil;+41 71 988 60 50;info@kinopasserelle.ch;http://kinopasserelle.ch;[{'@type': 'ImageObject', 'contentUrl': 'https://ttpimtsoch.sos-ch-dk-2.exoscale-cdn.com/catalog/2/f/0/0/2f006e19b41939c3b485689770f11e259fbcb74f_HUG_0510.png'}];2026-01-10T03:06:32+01:00
fc6cd66a-1b85-453e-9df7-3e73ac3d12b6;Naturbühne Hohenrain;Offene Holzplattform als Aufenthalts- und Begegnungsort.;<p>Aus heimischem Holz gefertigt, liegt diese Plattform entlang des Thur- und Neckerwegs frei im Landschaftsraum. Sie schafft eine klare, einfache Fl&auml;che im Freien &ndash; offen f&uuml;r das, was entstehen will.<br><br>Die B&uuml;hne kann spontan genutzt oder reserviert werden. Ob allein, zu zweit oder in einer kleinen Gruppe &ndash; hier entsteht Raum f&uuml;r Austausch, f&uuml;r Proben oder Trainings, Kurse und Workshops, kleine Vorf&uuml;hrungen oder f&uuml;r Team-Meetings &laquo;mal anders&raquo;. Die Naturb&uuml;hne bietet einen besonderen Rahmen f&uuml;r gemeinsame Momente in neuer Umgebung. Alternativ dient sie als Platz f&uuml;rs Picknick oder den Lunch am Mittag.</p>;9.126694;47.352194;Hohenrain;9126;Necker;+41 71 999 99 11;info@toggenburg.swiss;https://thurundneckerweg.ch;[{'@type': 'ImageObject', 'contentUrl': 'https://ttpimtsoch.sos-ch-dk-2.exoscale-cdn.com/catalog/f/3/3/1/f331c639b424ea69c0f5b71aba9549f8dbaa7e37_Neckertagl_Hohenrain.jpg'}];2026-05-08T14:34:23+02:00
