id;name;disambiguatingDescription;description;longitude;latitude;streetAddress;postalCode;addressLocality;telephone;email;url;image;dateModified25537821-dc60-4980-8c6d-b86da557bbb3;AUTODROMO Toggenburg;vierspurige, 39 Meter lange Autorennbahn.;<div>Rennfeeling f&uuml;r Gross und Klein: Das AUTODROMO Toggenburg ist eine 39 Meter lange, vierspurige Slotcar-Piste mit elektronischer Zeitmessung. Erlebe den Nervenkitzel des Wettkampfs mit deinen Freunden auf der Rennstrecke des AUTODROMO Toggenburg.</div>;9.0811109;47.3447138;Gewerbepark 11;9615;Dietfurt;+41792554074;wisi.buerge@bluewin.ch;https://autodromotoggenburg.ch;[{'@type': 'ImageObject', 'contentUrl': 'https://ttpimtsoch.sos-ch-dk-2.exoscale-cdn.com/catalog/2/8/9/a/289a32d94c1bbc5970536da466b8f95075738fd4_IMG_8243.jpeg'}];2026-01-14T00:30:33+01:00
5b0d24ae-4156-4298-9c74-6f3174daca11;Gleitschirm Tandemflug beim Chäserrugg;Du fliegst mit dem Gleitschirm über die zauberhafte Natur vom Toggenburg mit einer wunderbaren Aussicht auf den Chäserrugg und die Churfirsten. ;Der 15 bis 20-minütige Panoramaflug ist täglich bei gutem Wetter möglich und der 30 bis 45-minütige Thermikflug ist täglich von April bis August möglich. Oder wie wäre es mit unserem DUO-Gleitschirmflug zu zweit parallel an zwei Gleitschirmen? Du hast auch die Möglichkeit, einen halben Tag mit Privatpilot zu buchen mit bis zu 3 Flügen. Wir bieten ebenfalls Gruppenevents und Schnupperkurse für grössere Gruppen oder Firmenausflüge an.

Inkludierte Leistungen: Gesamte Ausrüstung, Pilot, exkl. Bergfahrt
keine Vorkenntnisse erforderlich, ab 8 Jahren;9.312185537778436;47.15518373298394;9657;Unterwasser;+41 71 554 80 70;info@flightbase.ch;https://www.passagierflug.ch/;[{'@type': 'ImageObject', 'contentUrl': 'https://ttpimtsoch.sos-ch-dk-2.exoscale-cdn.com/catalog/3/9/5/1/39519b576dc7a4f3be42f07a88320256b1d0746e_Thermikflug_Ch__erugg.jpg'}];2026-01-14T00:30:45+01:00
7624847b-b5ed-4a65-8205-2c38a3b5abad;Alpaka Appenzell;Die neue Welt entdecken. Lassen Sie die lieblichen, gemütlichen Tiere auf sich wirken und sich von ihrem Naturell anstecken. Sofort fallen einem die grossen Augen, ihr teddybärähnliches Aussehen und ihr tiefes, sanftes Summen auf, mit dem sie untereinander kommunizieren.;Der Betrieb liegt auf 1000 m.ü.M, am Jakobsweg auf dem Hügel Arnig und umfasst 18 ha plus 6 ha Wald.

Auf unserem Hof sind viele Tiere zuhause. Neben der 60-köpfigen Alpaka-Familie, die seit 2004 bei uns ihr Zuhause gefunden hat gehören Mutterschweine, Mastschweine, Bienen, Katzen, ein Hund und 21 Brown Swiss Kühe zu unserem Milchwirtschaftsbetrieb. 

Seit 2015 verkaufen wir all unsere hochstehenden Alpaka Produkte in unserem eigenen Hofladen Alparama. Verschaffen Sie sich bei einem Besuch selbst einen Einblick in unser grosses Sortiment. 

In einer Betriebsführung geben wir gerne Einblick in unseren Alltag. Die Tiere kennenlernen, den Kuhglocken lauschen und dem Summer der Alpakas zuhören, währendem wir einen Apéro servieren. 

Neu erstellen wir mit unserem Tiermist Terra-Preta Nährhumus und produzieren unsere eigene Pflanzenkohle. Auf Wunsch erläutern wir den Herstellungsvorgang während dem Sie mit genauem Auge die Abläufe verfolgen können.

Unser Alpaka Hof gibt viele Eindrücke in unser Wirken. Wir freuen uns über Ihren Besuch. 

Apéro ab 6 Personen:
1) Alparama Apero: Alpaka-Fleisch, Schweine-Fleisch, Käseplatte, Mineral und Orangensaft: CHF 25 / Person  ( Kinder: CHF 1.50 pro Alter des Kindes)
2) Arnig Apero: Schweine-Fleisch (Ohne Alpaka-Fleisch), Käseplatte, Mineral und Orangensaft: CHF 18 / Person (Kinder: CHF 1.00 pro Alter des Kindes)
*** Wein und Bier: Separat 
 
​
Hofführung mit Vortrag Pauschal (bis 20 Personen, ab 20 Personen auf Anfrage):
a) Ganze Hofbesichtigung: Alpakas, Schweine, Kühe, Terra-Preta Nährhumus, Pflanzenkohle = CHF 250.-
b) Tier Besichtigung: Alpakas, Schweine, Kühe = CHF 200.-
c) Alpaka Besichtigung: nur Alpakas mit Hand Fütterung = CHF 150.-;9.213699102401735;47.33557855044936;Hinterarnig 250;9105;Schönengrund;+41 71 361 13 78;info@alpaka-appenzell.ch;http://www.alpaka-appenzell.ch/;[{'@type': 'ImageObject', 'contentUrl': 'https://ttpimtsoch.sos-ch-dk-2.exoscale-cdn.com/catalog/2/9/5/9/29597bc2db547baf7e01f996a495373f0f39ed83_TOGGI_Tiere_mai16_RUPA_718.jpg'}];2026-01-14T00:30:48+01:00
9be96916-483a-4e55-9a0b-93862787dd62;Eulenglück;Glück kann so nah sein - Eulen und deren Lebensraum kennenlernen

Wir sind Familie Claudia, Uwe und Justine Hagen und möchten Euch die Welt der Eulen zeigen mit den Waldohreulen Luna, Frodo und den Steinkäuzen Maja und Fienchen. ;<p>Wir bieten folgende Erlebnisse mit unseren Eulen an:<br><br><strong>Erlebnisspaziergang mit Eulen</strong><br>Wir gehen mit Ihnen durch die Landschaft und zeigen Ihnen den Lebensraum der Eulen. Alternativrouten f&uuml;r Personen mit Handicap sind m&ouml;glich.<br><br><strong>Relaxprogramm mit Eulen</strong><br>Ausspannen und den Alltag vergessen?<br>Lassen Sie sich von unseren Eulen dabei helfen.<br>Bei einem Getr&auml;nk und einer Eule auf der Hand einfach den Augenblick geniessen!<br><br><strong>Naturfotoshooting mit Eulen<br></strong>Brauchen Sie f&uuml;r Ihren Fotokurs ein besonderes Motiv?<br>M&ouml;chten Sie eine Eule in der Natur fotografieren?</p>;9.206514736418168;47.196959808576;Stocken 409;9655;Stein;076 705 92 30;info@eulenglueck.ch;https://www.eulenglueck.ch/;[{'@type': 'ImageObject', 'contentUrl': 'https://ttpimtsoch.sos-ch-dk-2.exoscale-cdn.com/catalog/3/e/0/0/3e00a2ff80b128dc44cacb57143634d1e228a9f6_IMG_20210911_WA0043.jpg'}];2026-01-28T09:00:14+01:00
