id;name;disambiguatingDescription;description;longitude;latitude;streetAddress;postalCode;addressLocality;telephone;email;url;image;dateModified2f5f5cb5-a1fc-45d1-b41d-99f194742d1d;Freestyle in Wildhaus – unsere Funparks;Actionhungrige Familien finden bei uns Funparks mit einfachen Hindernissen und kleinen Sprüngen, ideal für Anfänger und fortgeschrittene Freestyler. Das Angebot an Sprüngen und Rails wird im Laufe des Winters, nach Möglichkeit, kontinuierlich erweitert, sodass Adrenalin, Abwechslung und Spass garantiert sind!

Die Parks sind, sofern es die Schnee- und Wetterbedingungen zulassen, täglich in Betrieb und werden jeden Abend für euch präpariert. Der Schnee- und Pistenbericht informiert stets aktuell über die geöffneten Lines und die berühmte Klangslope!

Wir wünschen euch viel Spass beim Ausprobieren – send it!;9.3457831;47.1875871;Vordere Schwendistrasse 23;9658;Wildhaus;+41 71 998 50 50;info@wildhaus.ch;http://www.wildhaus.ch/;[{'@type': 'ImageObject', 'contentUrl': 'https://ttpimtsoch.sos-ch-dk-2.exoscale-cdn.com/catalog/2/1/f/0/21f011345dcb31b0697e35570544cf3c7eb9f6cc_20250129_120534.jpg'}];2025-12-19T15:39:35+01:00
a0d2c242-070e-4e2f-836b-4feb51c63968;Toggenburg-Guides;Geführte Outdoor-Erlebnisse mit einheimischen Guides;Willkommen bei unserer Gemeinschaft von Bergführern und Wanderleitern im Toggenburg.
Bei uns findest du Touren und Erlebnisse, die von erfahrenen Profis geplant und begleitet werden.
Gemeinsam entdecken wir die Schönheit der Berge - ob sanft oder anspruchsvoll.
Wir nehmen dich mit hinaus in die Natur: sicher, authentisch und genau so, wie es zu dir passt.;9.25304174423218;47.185727089944905;Hof-Starkenbach;9656 ;Alt St. Johann;info@toggenburg-guides.ch;https://www.toggenburg-guides.ch;[{'@type': 'ImageObject', 'contentUrl': 'https://ttpimtsoch.sos-ch-dk-2.exoscale-cdn.com/catalog/4/7/8/3/47832aab2c2b561185152a45c93b99259953dc69_01_Logo_Toggenburg_Guides600.png'}];2026-04-27T14:48:29+02:00
bbe801fe-5f7b-4517-b74b-99b0cf9aa51b;Bänkli-Fitness-Weg;Eine Kombination aus Kraft- und Gleichgewichtstraining ist besonders effektiv. Gezieltes Gleichgewichtstraining verbessert die Standstabilität und unterstützt eine kontrollierte Körperhaltung.;<div><p>Regelm&auml;ssiges Training beziehungsweise k&ouml;rperliche Aktivit&auml;t ist in jedem Alter wichtig. F&uuml;r &auml;ltere Menschen stellt es eine wesentliche Grundlage f&uuml;r ein selbstbestimmtes Leben dar. F&uuml;r Jugendliche und Breitensportler ist Bewegung ein fester Bestandteil sozialer Begegnungen, des Wohlbefindens und der Steigerung der Fitness. Die Lebensqualit&auml;t kann dadurch deutlich verbessert werden.</p><p>Eine Kombination aus Kraft- und Gleichgewichtstraining ist besonders effektiv. Gezieltes Gleichgewichtstraining verbessert die Standstabilit&auml;t und unterst&uuml;tzt eine kontrollierte K&ouml;rperhaltung. Auch die Maximalkraft der Haltemuskulatur wird durch Gleichgewichtstraining gest&auml;rkt. Im Alter kann dies zu einer Verringerung der Sturzgefahr f&uuml;hren.</p><p>Bewegung st&auml;rkt zudem das Immunsystem und f&ouml;rdert die Sauerstoffaufnahme. Das Herz-Kreislauf-System wird gest&auml;rkt, und sowohl die Regeneration als auch die psychische Verfassung profitieren davon. K&ouml;rperliche Aktivit&auml;t unterst&uuml;tzt das K&ouml;rper- und Selbstbewusstsein, verbessert den Schlafrhythmus und tr&auml;gt zum Stressabbau bei.</p><p>Nebst einem gezielten Training ist die Freude an der Bewegung wichtig &ndash; Training soll Spass machen. Und gemeinsames Training macht doppelt Freude.</p></div>;9.348828792572023;47.20351976581697;Mittelweg;9658;Wildhaus;+41795009161;christianasutter@me.com;[{'@type': 'ImageObject', 'contentUrl': 'https://ttpimtsoch.sos-ch-dk-2.exoscale-cdn.com/catalog/5/0/9/d/509d39fd9c9ca1f3613d7419bc7d1b49c5ba7b03_IMG_2249.jpg'}];2026-02-17T08:04:34+01:00
